employee_id,department,workload,work_life_balance,team_conflict,management_support,work_environment,stress_level,0
EMP0001,HR,9.0,10.0,3.0,5.0,5.0,13.0,
EMP0002,Finance,8.0,4.0,7.0,6.0,2.0,15.0,
EMP0003,Finance,10.0,5.0,4.0,7.0,5.0,21.0,
EMP0004,Marketing,1.0,10.0,9.0,6.0,1.0,52.0,
EMP0005,IT,1.0,8.0,5.0,7.0,10.0,28.0,
EMP0006,Operations,8.0,4.0,9.0,6.0,4.0,72.0,
EMP0007,IT,5.0,9.0,8.0,8.0,9.0,76.0,
EMP0008,IT,7.0,4.0,4.0,3.0,6.0,17.0,
EMP0009,HR,5.0,3.0,10.0,5.0,2.0,4.0,
EMP0010,HR,5.0,10.0,4.0,4.0,7.0,31.0,
EMP0011,HR,1.0,4.0,10.0,9.0,7.0,65.0,
EMP0012,Finance,7.0,2.0,10.0,10.0,6.0,4.0,
EMP0013,Operations,3.0,9.0,3.0,4.0,10.0,83.0,
EMP0014,Marketing,2.0,2.0,7.0,2.0,4.0,65.0,
EMP0015,HR,4.0,4.0,10.0,3.0,6.0,61.0,
EMP0016,HR,8.0,5.0,6.0,7.0,5.0,54.0,
EMP0017,IT,5.0,10.0,10.0,4.0,10.0,84.0,
EMP0018,Finance,5.0,2.0,5.0,8.0,3.0,23.0,
EMP0019,Marketing,1.0,7.0,3.0,10.0,3.0,55.0,
EMP0020,Finance,1.0,1.0,6.0,6.0,6.0,49.0,
EMP0021,IT,10.0,8.0,8.0,6.0,8.0,67.0,
EMP0022,IT,5.0,7.0,3.0,6.0,8.0,77.0,
EMP0023,Finance,1.0,5.0,1.0,9.0,5.0,20.0,
EMP0024,IT,7.0,5.0,3.0,2.0,5.0,3.0,
EMP0025,Finance,5.0,5.0,1.0,5.0,10.0,39.0,
EMP0026,Finance,1.0,7.0,2.0,9.0,8.0,6.0,
EMP0027,Marketing,5.0,8.0,5.0,6.0,5.0,97.0,
EMP0028,Finance,7.0,3.0,2.0,7.0,2.0,57.0,
EMP0029,HR,8.0,10.0,5.0,8.0,10.0,40.0,
EMP0030,Operations,7.0,10.0,9.0,9.0,3.0,30.0,
EMP0031,Finance,6.0,2.0,7.0,2.0,3.0,13.0,
EMP0032,IT,4.0,3.0,7.0,2.0,8.0,26.0,
EMP0033,Finance,4.0,8.0,5.0,7.0,7.0,80.0,
EMP0034,HR,4.0,9.0,8.0,6.0,1.0,56.0,
EMP0035,IT,9.0,10.0,2.0,3.0,1.0,92.0,
EMP0036,Finance,1.0,4.0,9.0,7.0,10.0,60.0,
EMP0037,HR,6.0,10.0,9.0,8.0,1.0,57.0,
EMP0038,Marketing,10.0,4.0,1.0,9.0,5.0,94.0,
EMP0039,Finance,4.0,1.0,5.0,4.0,3.0,30.0,
EMP0040,Operations,1.0,7.0,3.0,2.0,7.0,98.0,
EMP0041,Finance,8.0,2.0,5.0,7.0,1.0,53.0,
EMP0042,Finance,7.0,8.0,1.0,8.0,7.0,35.0,
EMP0043,HR,4.0,2.0,10.0,2.0,9.0,51.0,
EMP0044,HR,2.0,4.0,2.0,2.0,7.0,87.0,
EMP0045,IT,2.0,5.0,4.0,6.0,5.0,85.0,
EMP0046,Finance,5.0,5.0,5.0,10.0,9.0,32.0,
EMP0047,HR,5.0,3.0,7.0,1.0,2.0,41.0,
EMP0048,HR,5.0,5.0,5.0,1.0,8.0,47.0,
EMP0049,Marketing,2.0,4.0,6.0,3.0,7.0,19.0,
EMP0050,Operations,1.0,10.0,4.0,2.0,5.0,4.0,
EMP0051,Marketing,8.0,4.0,3.0,8.0,3.0,35.0,
EMP0052,Finance,6.0,10.0,3.0,4.0,5.0,70.0,
EMP0053,IT,3.0,6.0,7.0,8.0,1.0,75.0,
EMP0054,Finance,2.0,2.0,5.0,10.0,6.0,59.0,
EMP0055,Operations,6.0,5.0,3.0,3.0,4.0,71.0,
EMP0056,Operations,1.0,5.0,6.0,4.0,6.0,18.0,
EMP0057,Finance,9.0,10.0,8.0,5.0,7.0,35.0,
EMP0058,IT,10.0,10.0,5.0,9.0,10.0,5.0,
EMP0059,IT,9.0,5.0,5.0,4.0,2.0,59.0,
EMP0060,Operations,10.0,10.0,5.0,7.0,8.0,3.0,
EMP0061,Marketing,10.0,8.0,1.0,7.0,7.0,98.0,
EMP0062,IT,10.0,6.0,8.0,9.0,9.0,86.0,
EMP0063,HR,4.0,4.0,5.0,4.0,5.0,39.0,
EMP0064,Finance,10.0,9.0,6.0,1.0,5.0,71.0,
EMP0065,Finance,1.0,7.0,3.0,4.0,7.0,94.0,
EMP0066,Marketing,3.0,3.0,7.0,5.0,8.0,22.0,
EMP0067,Finance,3.0,8.0,9.0,10.0,4.0,48.0,
EMP0068,Operations,1.0,1.0,1.0,5.0,2.0,2.0,
EMP0069,HR,7.0,7.0,3.0,10.0,6.0,5.0,
EMP0070,Marketing,8.0,9.0,6.0,8.0,4.0,79.0,
EMP0071,HR,7.0,3.0,7.0,10.0,2.0,38.0,
EMP0072,HR,2.0,4.0,8.0,4.0,5.0,10.0,
EMP0073,Operations,8.0,7.0,9.0,1.0,1.0,56.0,
EMP0074,Marketing,5.0,3.0,2.0,4.0,6.0,81.0,
EMP0075,Marketing,7.0,5.0,5.0,9.0,2.0,61.0,
EMP0076,IT,8.0,9.0,6.0,5.0,2.0,70.0,
EMP0077,Operations,7.0,4.0,7.0,7.0,1.0,48.0,
EMP0078,Operations,7.0,10.0,10.0,10.0,4.0,69.0,
EMP0079,Finance,6.0,7.0,10.0,2.0,6.0,21.0,
EMP0080,IT,6.0,1.0,2.0,9.0,4.0,6.0,
EMP0081,Finance,7.0,10.0,1.0,2.0,10.0,67.0,
EMP0082,HR,3.0,5.0,4.0,9.0,6.0,63.0,
EMP0083,Marketing,10.0,10.0,6.0,5.0,5.0,96.0,
EMP0084,IT,5.0,1.0,5.0,7.0,7.0,2.0,
EMP0085,IT,4.0,4.0,6.0,7.0,6.0,60.0,
EMP0086,Finance,3.0,4.0,6.0,7.0,7.0,40.0,
EMP0087,Operations,1.0,2.0,3.0,1.0,7.0,29.0,
EMP0088,Operations,4.0,6.0,10.0,8.0,6.0,38.0,
EMP0089,HR,7.0,1.0,2.0,10.0,9.0,13.0,
EMP0090,Finance,2.0,2.0,7.0,4.0,10.0,79.0,
EMP0091,Finance,8.0,4.0,4.0,3.0,2.0,40.0,
EMP0092,Marketing,6.0,2.0,8.0,10.0,1.0,38.0,
EMP0093,Marketing,1.0,7.0,10.0,3.0,7.0,60.0,
EMP0094,Finance,10.0,1.0,2.0,4.0,4.0,37.0,
EMP0095,Marketing,4.0,9.0,4.0,10.0,6.0,66.0,
EMP0096,IT,10.0,1.0,6.0,10.0,8.0,66.0,
EMP0097,HR,2.0,10.0,6.0,9.0,2.0,22.0,
EMP0098,IT,9.0,1.0,4.0,9.0,1.0,40.0,
EMP0099,Finance,1.0,10.0,9.0,9.0,5.0,20.0,
EMP0100,HR,9.0,6.0,1.0,7.0,8.0,22.0,
EMP0101,HR,8.0,8.0,9.0,2.0,9.0,22.0,
EMP0102,Operations,6.0,9.0,9.0,3.0,1.0,1.0,
EMP0103,IT,2.0,5.0,6.0,5.0,7.0,61.0,
EMP0104,HR,8.0,5.0,3.0,10.0,2.0,96.0,
EMP0105,IT,7.0,6.0,1.0,2.0,8.0,43.0,
EMP0106,HR,2.0,5.0,7.0,9.0,10.0,82.0,
EMP0107,HR,10.0,3.0,1.0,3.0,5.0,12.0,
EMP0108,HR,6.0,1.0,1.0,6.0,2.0,83.0,
EMP0109,IT,9.0,1.0,6.0,1.0,4.0,36.0,
EMP0110,Operations,9.0,1.0,8.0,2.0,7.0,10.0,
EMP0111,Operations,8.0,6.0,6.0,7.0,2.0,65.0,
EMP0112,HR,1.0,6.0,10.0,6.0,6.0,71.0,
EMP0113,Marketing,2.0,10.0,2.0,7.0,3.0,6.0,
EMP0114,Finance,10.0,10.0,7.0,5.0,8.0,85.0,
EMP0115,HR,6.0,5.0,8.0,2.0,4.0,17.0,
EMP0116,Finance,4.0,7.0,9.0,10.0,5.0,31.0,
EMP0117,Operations,6.0,3.0,2.0,1.0,2.0,87.0,
EMP0118,IT,5.0,4.0,4.0,3.0,6.0,5.0,
EMP0119,IT,5.0,4.0,5.0,3.0,1.0,14.0,
EMP0120,Finance,3.0,6.0,1.0,2.0,8.0,74.0,
EMP0121,Marketing,3.0,9.0,3.0,10.0,3.0,2.0,
EMP0122,HR,5.0,2.0,7.0,3.0,10.0,47.0,
EMP0123,IT,6.0,1.0,7.0,6.0,3.0,40.0,
EMP0124,Marketing,5.0,6.0,5.0,2.0,2.0,44.0,
EMP0125,IT,1.0,1.0,1.0,3.0,5.0,69.0,
EMP0126,Finance,10.0,8.0,2.0,3.0,10.0,88.0,
EMP0127,IT,6.0,7.0,9.0,8.0,6.0,64.0,
EMP0128,IT,1.0,1.0,5.0,5.0,1.0,58.0,
EMP0129,HR,7.0,5.0,5.0,9.0,3.0,47.0,
EMP0130,IT,4.0,5.0,9.0,1.0,5.0,84.0,
EMP0131,Marketing,2.0,5.0,8.0,5.0,2.0,5.0,
EMP0132,IT,2.0,2.0,1.0,1.0,4.0,41.0,
EMP0133,Finance,6.0,1.0,1.0,2.0,3.0,89.0,
EMP0134,HR,7.0,10.0,1.0,1.0,6.0,21.0,
EMP0135,Marketing,3.0,7.0,4.0,6.0,5.0,74.0,
EMP0136,Marketing,7.0,1.0,9.0,3.0,7.0,88.0,
EMP0137,Operations,5.0,2.0,1.0,8.0,6.0,49.0,
EMP0138,IT,9.0,6.0,4.0,2.0,1.0,84.0,
EMP0139,IT,4.0,2.0,1.0,5.0,2.0,9.0,
EMP0140,HR,10.0,3.0,4.0,1.0,6.0,63.0,
EMP0141,Operations,1.0,2.0,3.0,7.0,10.0,6.0,
EMP0142,Marketing,1.0,7.0,3.0,6.0,6.0,84.0,
EMP0143,Operations,7.0,7.0,6.0,1.0,5.0,31.0,
EMP0144,Marketing,4.0,5.0,5.0,6.0,5.0,12.0,
EMP0145,Finance,3.0,8.0,2.0,7.0,9.0,84.0,
EMP0146,Marketing,6.0,10.0,10.0,1.0,5.0,43.0,
EMP0147,Finance,4.0,3.0,5.0,1.0,8.0,35.0,
EMP0148,Marketing,9.0,10.0,10.0,2.0,7.0,32.0,
EMP0149,Finance,1.0,9.0,6.0,10.0,6.0,50.0,
EMP0150,Marketing,1.0,10.0,5.0,7.0,10.0,55.0,
EMP0151,Finance,10.0,9.0,4.0,1.0,4.0,42.0,
EMP0152,HR,2.0,5.0,10.0,4.0,6.0,89.0,
EMP0153,IT,5.0,6.0,10.0,5.0,3.0,53.0,
EMP0154,Finance,4.0,3.0,9.0,10.0,7.0,9.0,
EMP0155,HR,10.0,10.0,1.0,8.0,3.0,5.0,
EMP0156,IT,3.0,10.0,5.0,8.0,5.0,32.0,
EMP0157,Finance,3.0,10.0,6.0,3.0,6.0,12.0,
EMP0158,Finance,5.0,6.0,10.0,5.0,6.0,36.0,
EMP0159,Finance,5.0,2.0,3.0,8.0,4.0,49.0,
EMP0160,Finance,4.0,4.0,1.0,4.0,9.0,12.0,
EMP0161,HR,4.0,10.0,8.0,10.0,8.0,59.0,
EMP0162,Operations,4.0,1.0,8.0,7.0,5.0,46.0,
EMP0163,IT,8.0,2.0,4.0,8.0,6.0,30.0,
EMP0164,Marketing,9.0,4.0,1.0,1.0,6.0,78.0,
EMP0165,Finance,5.0,2.0,5.0,3.0,9.0,20.0,
EMP0166,Operations,6.0,1.0,8.0,7.0,4.0,1.0,
EMP0167,IT,2.0,10.0,9.0,8.0,1.0,52.0,
EMP0168,Finance,9.0,3.0,4.0,8.0,8.0,75.0,
EMP0169,HR,7.0,3.0,4.0,8.0,6.0,86.0,
EMP0170,HR,7.0,7.0,6.0,9.0,3.0,96.0,
EMP0171,IT,8.0,6.0,3.0,10.0,4.0,8.0,
EMP0172,HR,1.0,8.0,7.0,3.0,9.0,94.0,
EMP0173,HR,9.0,7.0,2.0,6.0,1.0,63.0,
EMP0174,Operations,5.0,5.0,2.0,3.0,3.0,30.0,
EMP0175,HR,4.0,7.0,5.0,9.0,1.0,38.0,
EMP0176,Marketing,9.0,6.0,5.0,9.0,1.0,100.0,
EMP0177,IT,9.0,5.0,4.0,2.0,4.0,26.0,
EMP0178,Operations,1.0,1.0,4.0,5.0,2.0,77.0,
EMP0179,Marketing,2.0,2.0,6.0,9.0,1.0,68.0,
EMP0180,Finance,4.0,9.0,4.0,9.0,4.0,36.0,
EMP0181,Finance,9.0,9.0,3.0,8.0,1.0,19.0,
EMP0182,HR,3.0,2.0,5.0,3.0,6.0,68.0,
EMP0183,HR,7.0,5.0,7.0,3.0,9.0,37.0,
EMP0184,HR,6.0,9.0,2.0,5.0,3.0,52.0,
EMP0185,Finance,6.0,6.0,5.0,1.0,2.0,100.0,
EMP0186,HR,6.0,7.0,7.0,7.0,4.0,46.0,
EMP0187,IT,3.0,3.0,8.0,3.0,5.0,63.0,
EMP0188,IT,6.0,7.0,3.0,2.0,1.0,22.0,
EMP0189,Operations,10.0,2.0,8.0,7.0,10.0,87.0,
EMP0190,Operations,10.0,10.0,6.0,4.0,10.0,84.0,
EMP0191,Marketing,9.0,9.0,3.0,5.0,1.0,63.0,
EMP0192,IT,6.0,10.0,2.0,1.0,6.0,42.0,
EMP0193,HR,7.0,1.0,3.0,5.0,4.0,81.0,
EMP0194,Marketing,1.0,10.0,1.0,6.0,8.0,74.0,
EMP0195,Finance,8.0,6.0,3.0,6.0,9.0,27.0,
EMP0196,Marketing,8.0,10.0,4.0,5.0,9.0,79.0,
EMP0197,Marketing,3.0,9.0,8.0,9.0,2.0,37.0,
EMP0198,Marketing,6.0,8.0,1.0,3.0,9.0,11.0,
EMP0199,Marketing,7.0,10.0,10.0,8.0,2.0,72.0,
EMP0200,Marketing,4.0,7.0,2.0,1.0,1.0,31.0,
,,,,,,,,EMP_SYN_0001
,,,,,,,,Finance
,,,,,,,,4
,,,,,,,,4
,,,,,,,,4
,,,,,,,,6
,,,,,,,,3
,,,,,,,,47
,,,,,,,,EMP_SYN_0002
,,,,,,,,HR
,,,,,,,,9
,,,,,,,,4
,,,,,,,,0
,,,,,,,,2
,,,,,,,,5
,,,,,,,,15
,,,,,,,,EMP_SYN_0003
,,,,,,,,IT
,,,,,,,,3
,,,,,,,,8
,,,,,,,,6
,,,,,,,,8
,,,,,,,,9
,,,,,,,,80
,,,,,,,,EMP_SYN_0004
,,,,,,,,Operations
,,,,,,,,2
,,,,,,,,12
,,,,,,,,4
,,,,,,,,3
,,,,,,,,3
,,,,,,,,8
,,,,,,,,EMP_SYN_0005
,,,,,,,,IT
,,,,,,,,6
,,,,,,,,7
,,,,,,,,4
,,,,,,,,4
,,,,,,,,3
,,,,,,,,1
,,,,,,,,EMP_SYN_0006
,,,,,,,,HR
,,,,,,,,8
,,,,,,,,9
,,,,,,,,4
,,,,,,,,6
,,,,,,,,3
,,,,,,,,52
,,,,,,,,EMP_SYN_0007
,,,,,,,,IT
,,,,,,,,8
,,,,,,,,8
,,,,,,,,7
,,,,,,,,4
,,,,,,,,1
,,,,,,,,71
,,,,,,,,EMP_SYN_0008
,,,,,,,,Operations
,,,,,,,,9
,,,,,,,,2
,,,,,,,,6
,,,,,,,,6
,,,,,,,,2
,,,,,,,,47
,,,,,,,,EMP_SYN_0009
,,,,,,,,Finance
,,,,,,,,8
,,,,,,,,7
,,,,,,,,0
,,,,,,,,10
,,,,,,,,6
,,,,,,,,34
,,,,,,,,EMP_SYN_0010
,,,,,,,,IT
,,,,,,,,5
,,,,,,,,7
,,,,,,,,10
,,,,,,,,3
,,,,,,,,2
,,,,,,,,50
,,,,,,,,EMP_SYN_0011
,,,,,,,,Operations
,,,,,,,,10
,,,,,,,,11
,,,,,,,,6
,,,,,,,,5
,,,,,,,,11
,,,,,,,,79
,,,,,,,,EMP_SYN_0012
,,,,,,,,Marketing
,,,,,,,,4
,,,,,,,,6
,,,,,,,,5
,,,,,,,,4
,,,,,,,,7
,,,,,,,,24
,,,,,,,,EMP_SYN_0013
,,,,,,,,Operations
,,,,,,,,3
,,,,,,,,3
,,,,,,,,5
,,,,,,,,2
,,,,,,,,5
,,,,,,,,29
,,,,,,,,EMP_SYN_0014
,,,,,,,,IT
,,,,,,,,6
,,,,,,,,7
,,,,,,,,12
,,,,,,,,4
,,,,,,,,5
,,,,,,,,57
,,,,,,,,EMP_SYN_0015
,,,,,,,,Finance
,,,,,,,,12
,,,,,,,,11
,,,,,,,,6
,,,,,,,,1
,,,,,,,,3
,,,,,,,,73
,,,,,,,,EMP_SYN_0016
,,,,,,,,Operations
,,,,,,,,5
,,,,,,,,2
,,,,,,,,9
,,,,,,,,9
,,,,,,,,2
,,,,,,,,51
,,,,,,,,EMP_SYN_0017
,,,,,,,,IT
,,,,,,,,8
,,,,,,,,3
,,,,,,,,4
,,,,,,,,11
,,,,,,,,3
,,,,,,,,44
,,,,,,,,EMP_SYN_0018
,,,,,,,,Operations
,,,,,,,,5
,,,,,,,,3
,,,,,,,,3
,,,,,,,,5
,,,,,,,,1
,,,,,,,,25
,,,,,,,,EMP_SYN_0019
,,,,,,,,Finance
,,,,,,,,2
,,,,,,,,4
,,,,,,,,9
,,,,,,,,3
,,,,,,,,8
,,,,,,,,84
,,,,,,,,EMP_SYN_0020
,,,,,,,,IT
,,,,,,,,5
,,,,,,,,1
,,,,,,,,0
,,,,,,,,3
,,,,,,,,1
,,,,,,,,10
,,,,,,,,EMP_SYN_0021
,,,,,,,,Finance
,,,,,,,,1
,,,,,,,,6
,,,,,,,,0
,,,,,,,,11
,,,,,,,,5
,,,,,,,,20
,,,,,,,,EMP_SYN_0022
,,,,,,,,Operations
,,,,,,,,1
,,,,,,,,2
,,,,,,,,5
,,,,,,,,3
,,,,,,,,0
,,,,,,,,82
,,,,,,,,EMP_SYN_0023
,,,,,,,,Finance
,,,,,,,,11
,,,,,,,,10
,,,,,,,,7
,,,,,,,,1
,,,,,,,,7
,,,,,,,,66
,,,,,,,,EMP_SYN_0024
,,,,,,,,Marketing
,,,,,,,,9
,,,,,,,,10
,,,,,,,,2
,,,,,,,,6
,,,,,,,,0
,,,,,,,,61
,,,,,,,,EMP_SYN_0025
,,,,,,,,Finance
,,,,,,,,5
,,,,,,,,6
,,,,,,,,3
,,,,,,,,5
,,,,,,,,10
,,,,,,,,42
,,,,,,,,EMP_SYN_0026
,,,,,,,,IT
,,,,,,,,8
,,,,,,,,4
,,,,,,,,6
,,,,,,,,1
,,,,,,,,4
,,,,,,,,20
,,,,,,,,EMP_SYN_0027
,,,,,,,,Finance
,,,,,,,,6
,,,,,,,,7
,,,,,,,,4
,,,,,,,,11
,,,,,,,,8
,,,,,,,,33
,,,,,,,,EMP_SYN_0028
,,,,,,,,HR
,,,,,,,,10
,,,,,,,,5
,,,,,,,,3
,,,,,,,,5
,,,,,,,,3
,,,,,,,,11
,,,,,,,,EMP_SYN_0029
,,,,,,,,IT
,,,,,,,,2
,,,,,,,,7
,,,,,,,,11
,,,,,,,,1
,,,,,,,,3
,,,,,,,,89
,,,,,,,,EMP_SYN_0030
,,,,,,,,Finance
,,,,,,,,2
,,,,,,,,6
,,,,,,,,0
,,,,,,,,2
,,,,,,,,10
,,,,,,,,17
,,,,,,,,EMP_SYN_0031
,,,,,,,,Finance
,,,,,,,,6
,,,,,,,,4
,,,,,,,,0
,,,,,,,,6
,,,,,,,,11
,,,,,,,,41
,,,,,,,,EMP_SYN_0032
,,,,,,,,Marketing
,,,,,,,,5
,,,,,,,,6
,,,,,,,,4
,,,,,,,,5
,,,,,,,,6
,,,,,,,,15
,,,,,,,,EMP_SYN_0033
,,,,,,,,Finance
,,,,,,,,7
,,,,,,,,4
,,,,,,,,4
,,,,,,,,0
,,,,,,,,2
,,,,,,,,97
,,,,,,,,EMP_SYN_0034
,,,,,,,,HR
,,,,,,,,12
,,,,,,,,4
,,,,,,,,1
,,,,,,,,2
,,,,,,,,4
,,,,,,,,15
,,,,,,,,EMP_SYN_0035
,,,,,,,,Finance
,,,,,,,,5
,,,,,,,,1
,,,,,,,,2
,,,,,,,,9
,,,,,,,,4
,,,,,,,,51
,,,,,,,,EMP_SYN_0036
,,,,,,,,HR
,,,,,,,,3
,,,,,,,,3
,,,,,,,,10
,,,,,,,,5
,,,,,,,,5
,,,,,,,,57
,,,,,,,,EMP_SYN_0037
,,,,,,,,Operations
,,,,,,,,0
,,,,,,,,1
,,,,,,,,2
,,,,,,,,7
,,,,,,,,3
,,,,,,,,0
,,,,,,,,EMP_SYN_0038
,,,,,,,,Finance
,,,,,,,,8
,,,,,,,,0
,,,,,,,,7
,,,,,,,,2
,,,,,,,,1
,,,,,,,,18
,,,,,,,,EMP_SYN_0039
,,,,,,,,IT
,,,,,,,,8
,,,,,,,,3
,,,,,,,,1
,,,,,,,,1
,,,,,,,,3
,,,,,,,,3
,,,,,,,,EMP_SYN_0040
,,,,,,,,Operations
,,,,,,,,6
,,,,,,,,4
,,,,,,,,4
,,,,,,,,1
,,,,,,,,3
,,,,,,,,82
,,,,,,,,EMP_SYN_0041
,,,,,,,,Finance
,,,,,,,,8
,,,,,,,,9
,,,,,,,,1
,,,,,,,,8
,,,,,,,,6
,,,,,,,,39
,,,,,,,,EMP_SYN_0042
,,,,,,,,Operations
,,,,,,,,9
,,,,,,,,0
,,,,,,,,9
,,,,,,,,4
,,,,,,,,5
,,,,,,,,12
,,,,,,,,EMP_SYN_0043
,,,,,,,,HR
,,,,,,,,3
,,,,,,,,8
,,,,,,,,12
,,,,,,,,8
,,,,,,,,8
,,,,,,,,71
,,,,,,,,EMP_SYN_0044
,,,,,,,,IT
,,,,,,,,5
,,,,,,,,7
,,,,,,,,2
,,,,,,,,1
,,,,,,,,6
,,,,,,,,0
,,,,,,,,EMP_SYN_0045
,,,,,,,,IT
,,,,,,,,0
,,,,,,,,7
,,,,,,,,7
,,,,,,,,9
,,,,,,,,11
,,,,,,,,31
,,,,,,,,EMP_SYN_0046
,,,,,,,,IT
,,,,,,,,9
,,,,,,,,8
,,,,,,,,7
,,,,,,,,3
,,,,,,,,4
,,,,,,,,66
,,,,,,,,EMP_SYN_0047
,,,,,,,,HR
,,,,,,,,12
,,,,,,,,1
,,,,,,,,4
,,,,,,,,2
,,,,,,,,6
,,,,,,,,63
,,,,,,,,EMP_SYN_0048
,,,,,,,,HR
,,,,,,,,8
,,,,,,,,4
,,,,,,,,5
,,,,,,,,1
,,,,,,,,11
,,,,,,,,38
,,,,,,,,EMP_SYN_0049
,,,,,,,,HR
,,,,,,,,11
,,,,,,,,12
,,,,,,,,0
,,,,,,,,7
,,,,,,,,3
,,,,,,,,0
,,,,,,,,EMP_SYN_0050
,,,,,,,,IT
,,,,,,,,5
,,,,,,,,4
,,,,,,,,6
,,,,,,,,2
,,,,,,,,3
,,,,,,,,68
,,,,,,,,EMP_SYN_0051
,,,,,,,,Marketing
,,,,,,,,8
,,,,,,,,10
,,,,,,,,10
,,,,,,,,0
,,,,,,,,3
,,,,,,,,41
,,,,,,,,EMP_SYN_0052
,,,,,,,,HR
,,,,,,,,4
,,,,,,,,4
,,,,,,,,9
,,,,,,,,4
,,,,,,,,9
,,,,,,,,44
,,,,,,,,EMP_SYN_0053
,,,,,,,,HR
,,,,,,,,8
,,,,,,,,7
,,,,,,,,10
,,,,,,,,3
,,,,,,,,3
,,,,,,,,14
,,,,,,,,EMP_SYN_0054
,,,,,,,,Operations
,,,,,,,,6
,,,,,,,,6
,,,,,,,,5
,,,,,,,,5
,,,,,,,,3
,,,,,,,,66
,,,,,,,,EMP_SYN_0055
,,,,,,,,IT
,,,,,,,,3
,,,,,,,,9
,,,,,,,,6
,,,,,,,,9
,,,,,,,,9
,,,,,,,,31
,,,,,,,,EMP_SYN_0056
,,,,,,,,Marketing
,,,,,,,,4
,,,,,,,,7
,,,,,,,,0
,,,,,,,,2
,,,,,,,,0
,,,,,,,,29
,,,,,,,,EMP_SYN_0057
,,,,,,,,Operations
,,,,,,,,6
,,,,,,,,1
,,,,,,,,7
,,,,,,,,5
,,,,,,,,7
,,,,,,,,47
,,,,,,,,EMP_SYN_0058
,,,,,,,,HR
,,,,,,,,7
,,,,,,,,9
,,,,,,,,9
,,,,,,,,4
,,,,,,,,11
,,,,,,,,21
,,,,,,,,EMP_SYN_0059
,,,,,,,,HR
,,,,,,,,6
,,,,,,,,2
,,,,,,,,9
,,,,,,,,5
,,,,,,,,12
,,,,,,,,52
,,,,,,,,EMP_SYN_0060
,,,,,,,,IT
,,,,,,,,9
,,,,,,,,4
,,,,,,,,4
,,,,,,,,4
,,,,,,,,2
,,,,,,,,86
,,,,,,,,EMP_SYN_0061
,,,,,,,,Marketing
,,,,,,,,8
,,,,,,,,4
,,,,,,,,2
,,,,,,,,3
,,,,,,,,8
,,,,,,,,80
,,,,,,,,EMP_SYN_0062
,,,,,,,,IT
,,,,,,,,3
,,,,,,,,8
,,,,,,,,4
,,,,,,,,6
,,,,,,,,7
,,,,,,,,34
,,,,,,,,EMP_SYN_0063
,,,,,,,,Finance
,,,,,,,,6
,,,,,,,,8
,,,,,,,,12
,,,,,,,,4
,,,,,,,,8
,,,,,,,,17
,,,,,,,,EMP_SYN_0064
,,,,,,,,Operations
,,,,,,,,3
,,,,,,,,1
,,,,,,,,3
,,,,,,,,4
,,,,,,,,3
,,,,,,,,5
,,,,,,,,EMP_SYN_0065
,,,,,,,,Operations
,,,,,,,,5
,,,,,,,,3
,,,,,,,,9
,,,,,,,,9
,,,,,,,,2
,,,,,,,,44
,,,,,,,,EMP_SYN_0066
,,,,,,,,Marketing
,,,,,,,,11
,,,,,,,,4
,,,,,,,,3
,,,,,,,,11
,,,,,,,,3
,,,,,,,,92
,,,,,,,,EMP_SYN_0067
,,,,,,,,IT
,,,,,,,,8
,,,,,,,,9
,,,,,,,,10
,,,,,,,,4
,,,,,,,,8
,,,,,,,,65
,,,,,,,,EMP_SYN_0068
,,,,,,,,HR
,,,,,,,,1
,,,,,,,,4
,,,,,,,,8
,,,,,,,,7
,,,,,,,,11
,,,,,,,,79
,,,,,,,,EMP_SYN_0069
,,,,,,,,Finance
,,,,,,,,5
,,,,,,,,6
,,,,,,,,8
,,,,,,,,8
,,,,,,,,7
,,,,,,,,27
,,,,,,,,EMP_SYN_0070
,,,,,,,,Finance
,,,,,,,,5
,,,,,,,,0
,,,,,,,,3
,,,,,,,,9
,,,,,,,,6
,,,,,,,,48
,,,,,,,,EMP_SYN_0071
,,,,,,,,Marketing
,,,,,,,,8
,,,,,,,,3
,,,,,,,,2
,,,,,,,,10
,,,,,,,,3
,,,,,,,,92
,,,,,,,,EMP_SYN_0072
,,,,,,,,Operations
,,,,,,,,11
,,,,,,,,2
,,,,,,,,8
,,,,,,,,6
,,,,,,,,9
,,,,,,,,85
,,,,,,,,EMP_SYN_0073
,,,,,,,,Finance
,,,,,,,,1
,,,,,,,,5
,,,,,,,,2
,,,,,,,,3
,,,,,,,,7
,,,,,,,,72
,,,,,,,,EMP_SYN_0074
,,,,,,,,HR
,,,,,,,,6
,,,,,,,,1
,,,,,,,,10
,,,,,,,,3
,,,,,,,,4
,,,,,,,,2
,,,,,,,,EMP_SYN_0075
,,,,,,,,Operations
,,,,,,,,1
,,,,,,,,0
,,,,,,,,0
,,,,,,,,5
,,,,,,,,3
,,,,,,,,1
,,,,,,,,EMP_SYN_0076
,,,,,,,,Finance
,,,,,,,,7
,,,,,,,,9
,,,,,,,,1
,,,,,,,,10
,,,,,,,,0
,,,,,,,,16
,,,,,,,,EMP_SYN_0077
,,,,,,,,IT
,,,,,,,,1
,,,,,,,,9
,,,,,,,,7
,,,,,,,,5
,,,,,,,,12
,,,,,,,,33
,,,,,,,,EMP_SYN_0078
,,,,,,,,HR
,,,,,,,,3
,,,,,,,,5
,,,,,,,,4
,,,,,,,,7
,,,,,,,,0
,,,,,,,,41
,,,,,,,,EMP_SYN_0079
,,,,,,,,IT
,,,,,,,,3
,,,,,,,,5
,,,,,,,,5
,,,,,,,,1
,,,,,,,,9
,,,,,,,,31
,,,,,,,,EMP_SYN_0080
,,,,,,,,Marketing
,,,,,,,,2
,,,,,,,,4
,,,,,,,,4
,,,,,,,,9
,,,,,,,,0
,,,,,,,,68
,,,,,,,,EMP_SYN_0081
,,,,,,,,Finance
,,,,,,,,8
,,,,,,,,11
,,,,,,,,9
,,,,,,,,7
,,,,,,,,8
,,,,,,,,31
,,,,,,,,EMP_SYN_0082
,,,,,,,,Finance
,,,,,,,,8
,,,,,,,,6
,,,,,,,,0
,,,,,,,,9
,,,,,,,,6
,,,,,,,,33
,,,,,,,,EMP_SYN_0083
,,,,,,,,Marketing
,,,,,,,,8
,,,,,,,,8
,,,,,,,,5
,,,,,,,,5
,,,,,,,,9
,,,,,,,,84
,,,,,,,,EMP_SYN_0084
,,,,,,,,Marketing
,,,,,,,,9
,,,,,,,,11
,,,,,,,,11
,,,,,,,,6
,,,,,,,,1
,,,,,,,,71
,,,,,,,,EMP_SYN_0085
,,,,,,,,Marketing
,,,,,,,,5
,,,,,,,,7
,,,,,,,,4
,,,,,,,,8
,,,,,,,,8
,,,,,,,,64
,,,,,,,,EMP_SYN_0086
,,,,,,,,Finance
,,,,,,,,8
,,,,,,,,3
,,,,,,,,0
,,,,,,,,7
,,,,,,,,4
,,,,,,,,58
,,,,,,,,EMP_SYN_0087
,,,,,,,,IT
,,,,,,,,3
,,,,,,,,4
,,,,,,,,6
,,,,,,,,3
,,,,,,,,6
,,,,,,,,68
,,,,,,,,EMP_SYN_0088
,,,,,,,,Marketing
,,,,,,,,3
,,,,,,,,5
,,,,,,,,5
,,,,,,,,5
,,,,,,,,9
,,,,,,,,21
,,,,,,,,EMP_SYN_0089
,,,,,,,,Marketing
,,,,,,,,2
,,,,,,,,1
,,,,,,,,9
,,,,,,,,7
,,,,,,,,7
,,,,,,,,17
,,,,,,,,EMP_SYN_0090
,,,,,,,,Operations
,,,,,,,,9
,,,,,,,,8
,,,,,,,,8
,,,,,,,,7
,,,,,,,,4
,,,,,,,,62
,,,,,,,,EMP_SYN_0091
,,,,,,,,Operations
,,,,,,,,6
,,,,,,,,9
,,,,,,,,9
,,,,,,,,0
,,,,,,,,2
,,,,,,,,58
,,,,,,,,EMP_SYN_0092
,,,,,,,,Finance
,,,,,,,,7
,,,,,,,,10
,,,,,,,,1
,,,,,,,,9
,,,,,,,,5
,,,,,,,,32
,,,,,,,,EMP_SYN_0093
,,,,,,,,Finance
,,,,,,,,6
,,,,,,,,4
,,,,,,,,10
,,,,,,,,10
,,,,,,,,8
,,,,,,,,7
,,,,,,,,EMP_SYN_0094
,,,,,,,,Marketing
,,,,,,,,9
,,,,,,,,10
,,,,,,,,5
,,,,,,,,6
,,,,,,,,3
,,,,,,,,76
,,,,,,,,EMP_SYN_0095
,,,,,,,,Marketing
,,,,,,,,0
,,,,,,,,9
,,,,,,,,8
,,,,,,,,3
,,,,,,,,9
,,,,,,,,60
,,,,,,,,EMP_SYN_0096
,,,,,,,,IT
,,,,,,,,2
,,,,,,,,3
,,,,,,,,10
,,,,,,,,3
,,,,,,,,6
,,,,,,,,82
,,,,,,,,EMP_SYN_0097
,,,,,,,,Operations
,,,,,,,,4
,,,,,,,,1
,,,,,,,,1
,,,,,,,,0
,,,,,,,,4
,,,,,,,,92
,,,,,,,,EMP_SYN_0098
,,,,,,,,Finance
,,,,,,,,6
,,,,,,,,2
,,,,,,,,2
,,,,,,,,2
,,,,,,,,2
,,,,,,,,85
,,,,,,,,EMP_SYN_0099
,,,,,,,,Finance
,,,,,,,,7
,,,,,,,,8
,,,,,,,,10
,,,,,,,,5
,,,,,,,,9
,,,,,,,,39
,,,,,,,,EMP_SYN_0100
,,,,,,,,Finance
,,,,,,,,9
,,,,,,,,5
,,,,,,,,3
,,,,,,,,8
,,,,,,,,3
,,,,,,,,58
,,,,,,,,EMP_SYN_0101
,,,,,,,,Finance
,,,,,,,,4
,,,,,,,,8
,,,,,,,,10
,,,,,,,,12
,,,,,,,,6
,,,,,,,,26
,,,,,,,,EMP_SYN_0102
,,,,,,,,Marketing
,,,,,,,,4
,,,,,,,,9
,,,,,,,,1
,,,,,,,,6
,,,,,,,,2
,,,,,,,,4
,,,,,,,,EMP_SYN_0103
,,,,,,,,IT
,,,,,,,,3
,,,,,,,,3
,,,,,,,,4
,,,,,,,,9
,,,,,,,,4
,,,,,,,,55
,,,,,,,,EMP_SYN_0104
,,,,,,,,HR
,,,,,,,,0
,,,,,,,,3
,,,,,,,,10
,,,,,,,,2
,,,,,,,,4
,,,,,,,,90
,,,,,,,,EMP_SYN_0105
,,,,,,,,Marketing
,,,,,,,,3
,,,,,,,,7
,,,,,,,,5
,,,,,,,,8
,,,,,,,,4
,,,,,,,,70
,,,,,,,,EMP_SYN_0106
,,,,,,,,HR
,,,,,,,,4
,,,,,,,,7
,,,,,,,,7
,,,,,,,,3
,,,,,,,,5
,,,,,,,,18
,,,,,,,,EMP_SYN_0107
,,,,,,,,IT
,,,,,,,,8
,,,,,,,,2
,,,,,,,,2
,,,,,,,,10
,,,,,,,,4
,,,,,,,,4
,,,,,,,,EMP_SYN_0108
,,,,,,,,Marketing
,,,,,,,,11
,,,,,,,,3
,,,,,,,,0
,,,,,,,,2
,,,,,,,,5
,,,,,,,,78
,,,,,,,,EMP_SYN_0109
,,,,,,,,HR
,,,,,,,,8
,,,,,,,,10
,,,,,,,,4
,,,,,,,,4
,,,,,,,,4
,,,,,,,,57
,,,,,,,,EMP_SYN_0110
,,,,,,,,Marketing
,,,,,,,,4
,,,,,,,,9
,,,,,,,,5
,,,,,,,,7
,,,,,,,,6
,,,,,,,,102
,,,,,,,,EMP_SYN_0111
,,,,,,,,Marketing
,,,,,,,,6
,,,,,,,,7
,,,,,,,,4
,,,,,,,,8
,,,,,,,,0
,,,,,,,,65
,,,,,,,,EMP_SYN_0112
,,,,,,,,Operations
,,,,,,,,11
,,,,,,,,3
,,,,,,,,8
,,,,,,,,0
,,,,,,,,8
,,,,,,,,12
,,,,,,,,EMP_SYN_0113
,,,,,,,,Operations
,,,,,,,,12
,,,,,,,,2
,,,,,,,,8
,,,,,,,,5
,,,,,,,,12
,,,,,,,,83
,,,,,,,,EMP_SYN_0114
,,,,,,,,Finance
,,,,,,,,7
,,,,,,,,8
,,,,,,,,5
,,,,,,,,4
,,,,,,,,11
,,,,,,,,27
,,,,,,,,EMP_SYN_0115
,,,,,,,,Finance
,,,,,,,,12
,,,,,,,,12
,,,,,,,,5
,,,,,,,,6
,,,,,,,,10
,,,,,,,,84
,,,,,,,,EMP_SYN_0116
,,,,,,,,Marketing
,,,,,,,,6
,,,,,,,,5
,,,,,,,,0
,,,,,,,,3
,,,,,,,,0
,,,,,,,,29
,,,,,,,,EMP_SYN_0117
,,,,,,,,HR
,,,,,,,,8
,,,,,,,,11
,,,,,,,,5
,,,,,,,,8
,,,,,,,,12
,,,,,,,,45
,,,,,,,,EMP_SYN_0118
,,,,,,,,Operations
,,,,,,,,8
,,,,,,,,8
,,,,,,,,10
,,,,,,,,1
,,,,,,,,1
,,,,,,,,54
,,,,,,,,EMP_SYN_0119
,,,,,,,,HR
,,,,,,,,3
,,,,,,,,5
,,,,,,,,6
,,,,,,,,3
,,,,,,,,7
,,,,,,,,41
,,,,,,,,EMP_SYN_0120
,,,,,,,,Finance
,,,,,,,,6
,,,,,,,,3
,,,,,,,,6
,,,,,,,,1
,,,,,,,,2
,,,,,,,,42
,,,,,,,,EMP_SYN_0121
,,,,,,,,IT
,,,,,,,,0
,,,,,,,,3
,,,,,,,,2
,,,,,,,,4
,,,,,,,,5
,,,,,,,,88
,,,,,,,,EMP_SYN_0122
,,,,,,,,Marketing
,,,,,,,,6
,,,,,,,,3
,,,,,,,,4
,,,,,,,,11
,,,,,,,,4
,,,,,,,,57
,,,,,,,,EMP_SYN_0123
,,,,,,,,IT
,,,,,,,,7
,,,,,,,,2
,,,,,,,,4
,,,,,,,,0
,,,,,,,,6
,,,,,,,,38
,,,,,,,,EMP_SYN_0124
,,,,,,,,IT
,,,,,,,,1
,,,,,,,,3
,,,,,,,,3
,,,,,,,,0
,,,,,,,,5
,,,,,,,,41
,,,,,,,,EMP_SYN_0125
,,,,,,,,Finance
,,,,,,,,9
,,,,,,,,2
,,,,,,,,5
,,,,,,,,9
,,,,,,,,0
,,,,,,,,51
,,,,,,,,EMP_SYN_0126
,,,,,,,,Marketing
,,,,,,,,0
,,,,,,,,10
,,,,,,,,8
,,,,,,,,7
,,,,,,,,2
,,,,,,,,53
,,,,,,,,EMP_SYN_0127
,,,,,,,,Marketing
,,,,,,,,7
,,,,,,,,2
,,,,,,,,2
,,,,,,,,1
,,,,,,,,4
,,,,,,,,74
,,,,,,,,EMP_SYN_0128
,,,,,,,,Finance
,,,,,,,,8
,,,,,,,,11
,,,,,,,,6
,,,,,,,,2
,,,,,,,,6
,,,,,,,,43
,,,,,,,,EMP_SYN_0129
,,,,,,,,IT
,,,,,,,,1
,,,,,,,,4
,,,,,,,,9
,,,,,,,,6
,,,,,,,,0
,,,,,,,,80
,,,,,,,,EMP_SYN_0130
,,,,,,,,Operations
,,,,,,,,0
,,,,,,,,4
,,,,,,,,2
,,,,,,,,2
,,,,,,,,5
,,,,,,,,24
,,,,,,,,EMP_SYN_0131
,,,,,,,,Operations
,,,,,,,,0
,,,,,,,,4
,,,,,,,,4
,,,,,,,,2
,,,,,,,,7
,,,,,,,,24
,,,,,,,,EMP_SYN_0132
,,,,,,,,HR
,,,,,,,,8
,,,,,,,,4
,,,,,,,,0
,,,,,,,,7
,,,,,,,,10
,,,,,,,,24
,,,,,,,,EMP_SYN_0133
,,,,,,,,Finance
,,,,,,,,7
,,,,,,,,3
,,,,,,,,5
,,,,,,,,7
,,,,,,,,4
,,,,,,,,54
,,,,,,,,EMP_SYN_0134
,,,,,,,,Finance
,,,,,,,,4
,,,,,,,,7
,,,,,,,,5
,,,,,,,,3
,,,,,,,,0
,,,,,,,,95
,,,,,,,,EMP_SYN_0135
,,,,,,,,Finance
,,,,,,,,6
,,,,,,,,3
,,,,,,,,9
,,,,,,,,5
,,,,,,,,2
,,,,,,,,12
,,,,,,,,EMP_SYN_0136
,,,,,,,,IT
,,,,,,,,5
,,,,,,,,10
,,,,,,,,4
,,,,,,,,2
,,,,,,,,4
,,,,,,,,39
,,,,,,,,EMP_SYN_0137
,,,,,,,,Finance
,,,,,,,,6
,,,,,,,,9
,,,,,,,,9
,,,,,,,,1
,,,,,,,,7
,,,,,,,,24
,,,,,,,,EMP_SYN_0138
,,,,,,,,HR
,,,,,,,,9
,,,,,,,,5
,,,,,,,,8
,,,,,,,,8
,,,,,,,,4
,,,,,,,,53
,,,,,,,,EMP_SYN_0139
,,,,,,,,IT
,,,,,,,,5
,,,,,,,,8
,,,,,,,,1
,,,,,,,,1
,,,,,,,,7
,,,,,,,,42
,,,,,,,,EMP_SYN_0140
,,,,,,,,IT
,,,,,,,,5
,,,,,,,,4
,,,,,,,,5
,,,,,,,,8
,,,,,,,,6
,,,,,,,,58
,,,,,,,,EMP_SYN_0141
,,,,,,,,IT
,,,,,,,,4
,,,,,,,,4
,,,,,,,,2
,,,,,,,,5
,,,,,,,,4
,,,,,,,,8
,,,,,,,,EMP_SYN_0142
,,,,,,,,Marketing
,,,,,,,,2
,,,,,,,,7
,,,,,,,,6
,,,,,,,,5
,,,,,,,,4
,,,,,,,,11
,,,,,,,,EMP_SYN_0143
,,,,,,,,HR
,,,,,,,,5
,,,,,,,,1
,,,,,,,,5
,,,,,,,,8
,,,,,,,,0
,,,,,,,,33
,,,,,,,,EMP_SYN_0144
,,,,,,,,Marketing
,,,,,,,,6
,,,,,,,,2
,,,,,,,,3
,,,,,,,,8
,,,,,,,,3
,,,,,,,,35
,,,,,,,,EMP_SYN_0145
,,,,,,,,HR
,,,,,,,,2
,,,,,,,,1
,,,,,,,,10
,,,,,,,,0
,,,,,,,,7
,,,,,,,,47
,,,,,,,,EMP_SYN_0146
,,,,,,,,Finance
,,,,,,,,5
,,,,,,,,12
,,,,,,,,7
,,,,,,,,5
,,,,,,,,6
,,,,,,,,11
,,,,,,,,EMP_SYN_0147
,,,,,,,,Marketing
,,,,,,,,6
,,,,,,,,7
,,,,,,,,3
,,,,,,,,1
,,,,,,,,4
,,,,,,,,41
,,,,,,,,EMP_SYN_0148
,,,,,,,,HR
,,,,,,,,6
,,,,,,,,11
,,,,,,,,4
,,,,,,,,8
,,,,,,,,10
,,,,,,,,38
,,,,,,,,EMP_SYN_0149
,,,,,,,,HR
,,,,,,,,6
,,,,,,,,7
,,,,,,,,9
,,,,,,,,2
,,,,,,,,11
,,,,,,,,39
,,,,,,,,EMP_SYN_0150
,,,,,,,,IT
,,,,,,,,5
,,,,,,,,0
,,,,,,,,5
,,,,,,,,4
,,,,,,,,3
,,,,,,,,35
,,,,,,,,EMP_SYN_0151
,,,,,,,,HR
,,,,,,,,10
,,,,,,,,4
,,,,,,,,3
,,,,,,,,12
,,,,,,,,1
,,,,,,,,100
,,,,,,,,EMP_SYN_0152
,,,,,,,,IT
,,,,,,,,8
,,,,,,,,5
,,,,,,,,1
,,,,,,,,9
,,,,,,,,6
,,,,,,,,4
,,,,,,,,EMP_SYN_0153
,,,,,,,,IT
,,,,,,,,8
,,,,,,,,0
,,,,,,,,6
,,,,,,,,0
,,,,,,,,5
,,,,,,,,33
,,,,,,,,EMP_SYN_0154
,,,,,,,,Operations
,,,,,,,,6
,,,,,,,,3
,,,,,,,,10
,,,,,,,,8
,,,,,,,,4
,,,,,,,,50
,,,,,,,,EMP_SYN_0155
,,,,,,,,Marketing
,,,,,,,,7
,,,,,,,,9
,,,,,,,,12
,,,,,,,,6
,,,,,,,,2
,,,,,,,,72
,,,,,,,,EMP_SYN_0156
,,,,,,,,Finance
,,,,,,,,8
,,,,,,,,4
,,,,,,,,0
,,,,,,,,7
,,,,,,,,4
,,,,,,,,54
,,,,,,,,EMP_SYN_0157
,,,,,,,,Finance
,,,,,,,,11
,,,,,,,,9
,,,,,,,,5
,,,,,,,,3
,,,,,,,,6
,,,,,,,,42
,,,,,,,,EMP_SYN_0158
,,,,,,,,HR
,,,,,,,,5
,,,,,,,,2
,,,,,,,,1
,,,,,,,,7
,,,,,,,,5
,,,,,,,,84
,,,,,,,,EMP_SYN_0159
,,,,,,,,IT
,,,,,,,,4
,,,,,,,,9
,,,,,,,,8
,,,,,,,,8
,,,,,,,,7
,,,,,,,,75
,,,,,,,,EMP_SYN_0160
,,,,,,,,IT
,,,,,,,,3
,,,,,,,,5
,,,,,,,,2
,,,,,,,,7
,,,,,,,,4
,,,,,,,,85
,,,,,,,,EMP_SYN_0161
,,,,,,,,Marketing
,,,,,,,,6
,,,,,,,,10
,,,,,,,,7
,,,,,,,,6
,,,,,,,,2
,,,,,,,,78
,,,,,,,,EMP_SYN_0162
,,,,,,,,Finance
,,,,,,,,7
,,,,,,,,9
,,,,,,,,2
,,,,,,,,2
,,,,,,,,8
,,,,,,,,69
,,,,,,,,EMP_SYN_0163
,,,,,,,,Operations
,,,,,,,,0
,,,,,,,,3
,,,,,,,,5
,,,,,,,,5
,,,,,,,,7
,,,,,,,,21
,,,,,,,,EMP_SYN_0164
,,,,,,,,IT
,,,,,,,,1
,,,,,,,,10
,,,,,,,,5
,,,,,,,,6
,,,,,,,,7
,,,,,,,,32
,,,,,,,,EMP_SYN_0165
,,,,,,,,HR
,,,,,,,,7
,,,,,,,,7
,,,,,,,,8
,,,,,,,,6
,,,,,,,,5
,,,,,,,,59
,,,,,,,,EMP_SYN_0166
,,,,,,,,Marketing
,,,,,,,,6
,,,,,,,,4
,,,,,,,,4
,,,,,,,,2
,,,,,,,,6
,,,,,,,,81
,,,,,,,,EMP_SYN_0167
,,,,,,,,HR
,,,,,,,,6
,,,,,,,,5
,,,,,,,,1
,,,,,,,,10
,,,,,,,,5
,,,,,,,,3
,,,,,,,,EMP_SYN_0168
,,,,,,,,Operations
,,,,,,,,10
,,,,,,,,7
,,,,,,,,4
,,,,,,,,7
,,,,,,,,2
,,,,,,,,64
,,,,,,,,EMP_SYN_0169
,,,,,,,,Finance
,,,,,,,,2
,,,,,,,,0
,,,,,,,,5
,,,,,,,,5
,,,,,,,,4
,,,,,,,,47
,,,,,,,,EMP_SYN_0170
,,,,,,,,HR
,,,,,,,,0
,,,,,,,,7
,,,,,,,,9
,,,,,,,,8
,,,,,,,,8
,,,,,,,,67
,,,,,,,,EMP_SYN_0171
,,,,,,,,HR
,,,,,,,,8
,,,,,,,,10
,,,,,,,,7
,,,,,,,,8
,,,,,,,,2
,,,,,,,,57
,,,,,,,,EMP_SYN_0172
,,,,,,,,IT
,,,,,,,,9
,,,,,,,,7
,,,,,,,,5
,,,,,,,,4
,,,,,,,,2
,,,,,,,,79
,,,,,,,,EMP_SYN_0173
,,,,,,,,Marketing
,,,,,,,,1
,,,,,,,,12
,,,,,,,,10
,,,,,,,,5
,,,,,,,,0
,,,,,,,,53
,,,,,,,,EMP_SYN_0174
,,,,,,,,IT
,,,,,,,,7
,,,,,,,,6
,,,,,,,,2
,,,,,,,,1
,,,,,,,,3
,,,,,,,,21
,,,,,,,,EMP_SYN_0175
,,,,,,,,IT
,,,,,,,,5
,,,,,,,,5
,,,,,,,,3
,,,,,,,,4
,,,,,,,,7
,,,,,,,,81
,,,,,,,,EMP_SYN_0176
,,,,,,,,Finance
,,,,,,,,6
,,,,,,,,2
,,,,,,,,9
,,,,,,,,2
,,,,,,,,3
,,,,,,,,13
,,,,,,,,EMP_SYN_0177
,,,,,,,,Marketing
,,,,,,,,5
,,,,,,,,7
,,,,,,,,3
,,,,,,,,1
,,,,,,,,3
,,,,,,,,43
,,,,,,,,EMP_SYN_0178
,,,,,,,,HR
,,,,,,,,7
,,,,,,,,1
,,,,,,,,6
,,,,,,,,11
,,,,,,,,2
,,,,,,,,34
,,,,,,,,EMP_SYN_0179
,,,,,,,,IT
,,,,,,,,6
,,,,,,,,2
,,,,,,,,8
,,,,,,,,5
,,,,,,,,5
,,,,,,,,63
,,,,,,,,EMP_SYN_0180
,,,,,,,,Operations
,,,,,,,,0
,,,,,,,,3
,,,,,,,,7
,,,,,,,,2
,,,,,,,,4
,,,,,,,,23
,,,,,,,,EMP_SYN_0181
,,,,,,,,Marketing
,,,,,,,,9
,,,,,,,,3
,,,,,,,,2
,,,,,,,,7
,,,,,,,,4
,,,,,,,,40
,,,,,,,,EMP_SYN_0182
,,,,,,,,Finance
,,,,,,,,5
,,,,,,,,1
,,,,,,,,5
,,,,,,,,2
,,,,,,,,3
,,,,,,,,8
,,,,,,,,EMP_SYN_0183
,,,,,,,,HR
,,,,,,,,5
,,,,,,,,2
,,,,,,,,0
,,,,,,,,8
,,,,,,,,7
,,,,,,,,10
,,,,,,,,EMP_SYN_0184
,,,,,,,,Operations
,,,,,,,,6
,,,,,,,,3
,,,,,,,,8
,,,,,,,,6
,,,,,,,,6
,,,,,,,,48
,,,,,,,,EMP_SYN_0185
,,,,,,,,Finance
,,,,,,,,7
,,,,,,,,3
,,,,,,,,6
,,,,,,,,3
,,,,,,,,2
,,,,,,,,36
,,,,,,,,EMP_SYN_0186
,,,,,,,,Finance
,,,,,,,,5
,,,,,,,,7
,,,,,,,,8
,,,,,,,,12
,,,,,,,,5
,,,,,,,,51
,,,,,,,,EMP_SYN_0187
,,,,,,,,HR
,,,,,,,,10
,,,,,,,,7
,,,,,,,,1
,,,,,,,,7
,,,,,,,,10
,,,,,,,,17
,,,,,,,,EMP_SYN_0188
,,,,,,,,HR
,,,,,,,,5
,,,,,,,,3
,,,,,,,,5
,,,,,,,,7
,,,,,,,,5
,,,,,,,,42
,,,,,,,,EMP_SYN_0189
,,,,,,,,Operations
,,,,,,,,6
,,,,,,,,0
,,,,,,,,0
,,,,,,,,7
,,,,,,,,5
,,,,,,,,47
,,,,,,,,EMP_SYN_0190
,,,,,,,,Marketing
,,,,,,,,8
,,,,,,,,4
,,,,,,,,3
,,,,,,,,3
,,,,,,,,6
,,,,,,,,78
,,,,,,,,EMP_SYN_0191
,,,,,,,,Finance
,,,,,,,,4
,,,,,,,,11
,,,,,,,,4
,,,,,,,,4
,,,,,,,,7
,,,,,,,,17
,,,,,,,,EMP_SYN_0192
,,,,,,,,HR
,,,,,,,,8
,,,,,,,,2
,,,,,,,,4
,,,,,,,,7
,,,,,,,,4
,,,,,,,,79
,,,,,,,,EMP_SYN_0193
,,,,,,,,IT
,,,,,,,,4
,,,,,,,,6
,,,,,,,,6
,,,,,,,,6
,,,,,,,,0
,,,,,,,,76
,,,,,,,,EMP_SYN_0194
,,,,,,,,IT
,,,,,,,,8
,,,,,,,,10
,,,,,,,,4
,,,,,,,,0
,,,,,,,,4
,,,,,,,,42
,,,,,,,,EMP_SYN_0195
,,,,,,,,Operations
,,,,,,,,8
,,,,,,,,1
,,,,,,,,9
,,,,,,,,9
,,,,,,,,9
,,,,,,,,85
,,,,,,,,EMP_SYN_0196
,,,,,,,,Operations
,,,,,,,,9
,,,,,,,,5
,,,,,,,,6
,,,,,,,,9
,,,,,,,,4
,,,,,,,,62
,,,,,,,,EMP_SYN_0197
,,,,,,,,Finance
,,,,,,,,5
,,,,,,,,0
,,,,,,,,3
,,,,,,,,3
,,,,,,,,5
,,,,,,,,85
,,,,,,,,EMP_SYN_0198
,,,,,,,,HR
,,,,,,,,9
,,,,,,,,1
,,,,,,,,2
,,,,,,,,11
,,,,,,,,8
,,,,,,,,8
,,,,,,,,EMP_SYN_0199
,,,,,,,,Operations
,,,,,,,,10
,,,,,,,,12
,,,,,,,,8
,,,,,,,,5
,,,,,,,,10
,,,,,,,,83
,,,,,,,,EMP_SYN_0200
,,,,,,,,Operations
,,,,,,,,7
,,,,,,,,6
,,,,,,,,6
,,,,,,,,2
,,,,,,,,4
,,,,,,,,28
,,,,,,,,EMP_SYN_0201
,,,,,,,,Marketing
,,,,,,,,5
,,,,,,,,5
,,,,,,,,5
,,,,,,,,7
,,,,,,,,6
,,,,,,,,76
,,,,,,,,EMP_SYN_0202
,,,,,,,,Operations
,,,,,,,,0
,,,,,,,,0
,,,,,,,,0
,,,,,,,,7
,,,,,,,,4
,,,,,,,,0
,,,,,,,,EMP_SYN_0203
,,,,,,,,Marketing
,,,,,,,,7
,,,,,,,,7
,,,,,,,,8
,,,,,,,,9
,,,,,,,,6
,,,,,,,,82
,,,,,,,,EMP_SYN_0204
,,,,,,,,Operations
,,,,,,,,5
,,,,,,,,6
,,,,,,,,1
,,,,,,,,2
,,,,,,,,3
,,,,,,,,26
,,,,,,,,EMP_SYN_0205
,,,,,,,,HR
,,,,,,,,6
,,,,,,,,4
,,,,,,,,1
,,,,,,,,8
,,,,,,,,1
,,,,,,,,97
,,,,,,,,EMP_SYN_0206
,,,,,,,,IT
,,,,,,,,7
,,,,,,,,6
,,,,,,,,6
,,,,,,,,1
,,,,,,,,3
,,,,,,,,31
,,,,,,,,EMP_SYN_0207
,,,,,,,,Operations
,,,,,,,,5
,,,,,,,,11
,,,,,,,,10
,,,,,,,,9
,,,,,,,,4
,,,,,,,,32
,,,,,,,,EMP_SYN_0208
,,,,,,,,Marketing
,,,,,,,,7
,,,,,,,,2
,,,,,,,,7
,,,,,,,,11
,,,,,,,,3
,,,,,,,,38
,,,,,,,,EMP_SYN_0209
,,,,,,,,IT
,,,,,,,,4
,,,,,,,,2
,,,,,,,,8
,,,,,,,,2
,,,,,,,,7
,,,,,,,,29
,,,,,,,,EMP_SYN_0210
,,,,,,,,Operations
,,,,,,,,8
,,,,,,,,6
,,,,,,,,9
,,,,,,,,1
,,,,,,,,3
,,,,,,,,54
,,,,,,,,EMP_SYN_0211
,,,,,,,,Operations
,,,,,,,,5
,,,,,,,,6
,,,,,,,,6
,,,,,,,,0
,,,,,,,,4
,,,,,,,,26
,,,,,,,,EMP_SYN_0212
,,,,,,,,HR
,,,,,,,,1
,,,,,,,,7
,,,,,,,,8
,,,,,,,,3
,,,,,,,,4
,,,,,,,,92
,,,,,,,,EMP_SYN_0213
,,,,,,,,HR
,,,,,,,,5
,,,,,,,,3
,,,,,,,,4
,,,,,,,,7
,,,,,,,,8
,,,,,,,,90
,,,,,,,,EMP_SYN_0214
,,,,,,,,IT
,,,,,,,,3
,,,,,,,,3
,,,,,,,,8
,,,,,,,,6
,,,,,,,,9
,,,,,,,,58
,,,,,,,,EMP_SYN_0215
,,,,,,,,Operations
,,,,,,,,0
,,,,,,,,4
,,,,,,,,8
,,,,,,,,5
,,,,,,,,6
,,,,,,,,22
,,,,,,,,EMP_SYN_0216
,,,,,,,,Finance
,,,,,,,,3
,,,,,,,,0
,,,,,,,,8
,,,,,,,,3
,,,,,,,,8
,,,,,,,,81
,,,,,,,,EMP_SYN_0217
,,,,,,,,Marketing
,,,,,,,,6
,,,,,,,,9
,,,,,,,,3
,,,,,,,,6
,,,,,,,,6
,,,,,,,,96
,,,,,,,,EMP_SYN_0218
,,,,,,,,HR
,,,,,,,,9
,,,,,,,,8
,,,,,,,,10
,,,,,,,,4
,,,,,,,,11
,,,,,,,,24
,,,,,,,,EMP_SYN_0219
,,,,,,,,IT
,,,,,,,,3
,,,,,,,,6
,,,,,,,,2
,,,,,,,,2
,,,,,,,,8
,,,,,,,,5
,,,,,,,,EMP_SYN_0220
,,,,,,,,Operations
,,,,,,,,11
,,,,,,,,10
,,,,,,,,5
,,,,,,,,2
,,,,,,,,10
,,,,,,,,86
,,,,,,,,EMP_SYN_0221
,,,,,,,,Finance
,,,,,,,,6
,,,,,,,,3
,,,,,,,,3
,,,,,,,,2
,,,,,,,,10
,,,,,,,,10
,,,,,,,,EMP_SYN_0222
,,,,,,,,Marketing
,,,,,,,,4
,,,,,,,,9
,,,,,,,,2
,,,,,,,,12
,,,,,,,,8
,,,,,,,,71
,,,,,,,,EMP_SYN_0223
,,,,,,,,Marketing
,,,,,,,,4
,,,,,,,,0
,,,,,,,,9
,,,,,,,,4
,,,,,,,,3
,,,,,,,,62
,,,,,,,,EMP_SYN_0224
,,,,,,,,IT
,,,,,,,,4
,,,,,,,,5
,,,,,,,,5
,,,,,,,,1
,,,,,,,,8
,,,,,,,,2
,,,,,,,,EMP_SYN_0225
,,,,,,,,HR
,,,,,,,,3
,,,,,,,,5
,,,,,,,,9
,,,,,,,,10
,,,,,,,,8
,,,,,,,,65
,,,,,,,,EMP_SYN_0226
,,,,,,,,HR
,,,,,,,,12
,,,,,,,,10
,,,,,,,,0
,,,,,,,,7
,,,,,,,,3
,,,,,,,,3
,,,,,,,,EMP_SYN_0227
,,,,,,,,Finance
,,,,,,,,1
,,,,,,,,5
,,,,,,,,2
,,,,,,,,0
,,,,,,,,7
,,,,,,,,72
,,,,,,,,EMP_SYN_0228
,,,,,,,,HR
,,,,,,,,9
,,,,,,,,5
,,,,,,,,0
,,,,,,,,8
,,,,,,,,10
,,,,,,,,24
,,,,,,,,EMP_SYN_0229
,,,,,,,,Marketing
,,,,,,,,6
,,,,,,,,11
,,,,,,,,5
,,,,,,,,11
,,,,,,,,4
,,,,,,,,62
,,,,,,,,EMP_SYN_0230
,,,,,,,,HR
,,,,,,,,9
,,,,,,,,8
,,,,,,,,0
,,,,,,,,2
,,,,,,,,5
,,,,,,,,17
,,,,,,,,EMP_SYN_0231
,,,,,,,,Finance
,,,,,,,,9
,,,,,,,,4
,,,,,,,,5
,,,,,,,,8
,,,,,,,,7
,,,,,,,,20
,,,,,,,,EMP_SYN_0232
,,,,,,,,IT
,,,,,,,,7
,,,,,,,,11
,,,,,,,,2
,,,,,,,,2
,,,,,,,,6
,,,,,,,,47
,,,,,,,,EMP_SYN_0233
,,,,,,,,HR
,,,,,,,,5
,,,,,,,,8
,,,,,,,,8
,,,,,,,,7
,,,,,,,,1
,,,,,,,,52
,,,,,,,,EMP_SYN_0234
,,,,,,,,Finance
,,,,,,,,5
,,,,,,,,3
,,,,,,,,6
,,,,,,,,1
,,,,,,,,7
,,,,,,,,16
,,,,,,,,EMP_SYN_0235
,,,,,,,,Finance
,,,,,,,,0
,,,,,,,,1
,,,,,,,,8
,,,,,,,,4
,,,,,,,,4
,,,,,,,,44
,,,,,,,,EMP_SYN_0236
,,,,,,,,Marketing
,,,,,,,,2
,,,,,,,,6
,,,,,,,,7
,,,,,,,,7
,,,,,,,,6
,,,,,,,,17
,,,,,,,,EMP_SYN_0237
,,,,,,,,HR
,,,,,,,,9
,,,,,,,,7
,,,,,,,,7
,,,,,,,,4
,,,,,,,,7
,,,,,,,,36
,,,,,,,,EMP_SYN_0238
,,,,,,,,HR
,,,,,,,,6
,,,,,,,,4
,,,,,,,,3
,,,,,,,,10
,,,,,,,,4
,,,,,,,,96
,,,,,,,,EMP_SYN_0239
,,,,,,,,Marketing
,,,,,,,,2
,,,,,,,,5
,,,,,,,,11
,,,,,,,,2
,,,,,,,,6
,,,,,,,,55
,,,,,,,,EMP_SYN_0240
,,,,,,,,HR
,,,,,,,,3
,,,,,,,,5
,,,,,,,,6
,,,,,,,,4
,,,,,,,,3
,,,,,,,,40
,,,,,,,,EMP_SYN_0241
,,,,,,,,Marketing
,,,,,,,,1
,,,,,,,,6
,,,,,,,,4
,,,,,,,,4
,,,,,,,,8
,,,,,,,,14
,,,,,,,,EMP_SYN_0242
,,,,,,,,Finance
,,,,,,,,7
,,,,,,,,7
,,,,,,,,11
,,,,,,,,7
,,,,,,,,5
,,,,,,,,38
,,,,,,,,EMP_SYN_0243
,,,,,,,,HR
,,,,,,,,7
,,,,,,,,0
,,,,,,,,4
,,,,,,,,10
,,,,,,,,7
,,,,,,,,11
,,,,,,,,EMP_SYN_0244
,,,,,,,,IT
,,,,,,,,4
,,,,,,,,2
,,,,,,,,4
,,,,,,,,8
,,,,,,,,4
,,,,,,,,65
,,,,,,,,EMP_SYN_0245
,,,,,,,,Marketing
,,,,,,,,3
,,,,,,,,4
,,,,,,,,8
,,,,,,,,3
,,,,,,,,5
,,,,,,,,22
,,,,,,,,EMP_SYN_0246
,,,,,,,,IT
,,,,,,,,3
,,,,,,,,7
,,,,,,,,5
,,,,,,,,4
,,,,,,,,6
,,,,,,,,57
,,,,,,,,EMP_SYN_0247
,,,,,,,,Operations
,,,,,,,,3
,,,,,,,,2
,,,,,,,,1
,,,,,,,,2
,,,,,,,,5
,,,,,,,,26
,,,,,,,,EMP_SYN_0248
,,,,,,,,Marketing
,,,,,,,,6
,,,,,,,,10
,,,,,,,,9
,,,,,,,,9
,,,,,,,,2
,,,,,,,,77
,,,,,,,,EMP_SYN_0249
,,,,,,,,HR
,,,,,,,,4
,,,,,,,,9
,,,,,,,,4
,,,,,,,,2
,,,,,,,,8
,,,,,,,,30
,,,,,,,,EMP_SYN_0250
,,,,,,,,Finance
,,,,,,,,7
,,,,,,,,8
,,,,,,,,6
,,,,,,,,0
,,,,,,,,4
,,,,,,,,104
,,,,,,,,EMP_SYN_0251
,,,,,,,,Operations
,,,,,,,,9
,,,,,,,,11
,,,,,,,,9
,,,,,,,,12
,,,,,,,,6
,,,,,,,,74
,,,,,,,,EMP_SYN_0252
,,,,,,,,IT
,,,,,,,,3
,,,,,,,,4
,,,,,,,,4
,,,,,,,,3
,,,,,,,,4
,,,,,,,,1
,,,,,,,,EMP_SYN_0253
,,,,,,,,Operations
,,,,,,,,0
,,,,,,,,2
,,,,,,,,4
,,,,,,,,3
,,,,,,,,4
,,,,,,,,81
,,,,,,,,EMP_SYN_0254
,,,,,,,,HR
,,,,,,,,1
,,,,,,,,3
,,,,,,,,5
,,,,,,,,11
,,,,,,,,8
,,,,,,,,85
,,,,,,,,EMP_SYN_0255
,,,,,,,,HR
,,,,,,,,6
,,,,,,,,6
,,,,,,,,7
,,,,,,,,2
,,,,,,,,3
,,,,,,,,12
,,,,,,,,EMP_SYN_0256
,,,,,,,,Finance
,,,,,,,,12
,,,,,,,,10
,,,,,,,,9
,,,,,,,,7
,,,,,,,,7
,,,,,,,,81
,,,,,,,,EMP_SYN_0257
,,,,,,,,Finance
,,,,,,,,2
,,,,,,,,5
,,,,,,,,3
,,,,,,,,0
,,,,,,,,7
,,,,,,,,38
,,,,,,,,EMP_SYN_0258
,,,,,,,,HR
,,,,,,,,0
,,,,,,,,7
,,,,,,,,6
,,,,,,,,4
,,,,,,,,10
,,,,,,,,92
,,,,,,,,EMP_SYN_0259
,,,,,,,,IT
,,,,,,,,4
,,,,,,,,3
,,,,,,,,3
,,,,,,,,5
,,,,,,,,3
,,,,,,,,87
,,,,,,,,EMP_SYN_0260
,,,,,,,,Marketing
,,,,,,,,8
,,,,,,,,7
,,,,,,,,2
,,,,,,,,5
,,,,,,,,6
,,,,,,,,100
,,,,,,,,EMP_SYN_0261
,,,,,,,,HR
,,,,,,,,8
,,,,,,,,5
,,,,,,,,0
,,,,,,,,8
,,,,,,,,7
,,,,,,,,18
,,,,,,,,EMP_SYN_0262
,,,,,,,,Finance
,,,,,,,,11
,,,,,,,,8
,,,,,,,,3
,,,,,,,,2
,,,,,,,,10
,,,,,,,,88
,,,,,,,,EMP_SYN_0263
,,,,,,,,HR
,,,,,,,,8
,,,,,,,,8
,,,,,,,,2
,,,,,,,,5
,,,,,,,,7
,,,,,,,,17
,,,,,,,,EMP_SYN_0264
,,,,,,,,IT
,,,,,,,,4
,,,,,,,,9
,,,,,,,,11
,,,,,,,,6
,,,,,,,,8
,,,,,,,,84
,,,,,,,,EMP_SYN_0265
,,,,,,,,Finance
,,,,,,,,9
,,,,,,,,3
,,,,,,,,6
,,,,,,,,7
,,,,,,,,9
,,,,,,,,78
,,,,,,,,EMP_SYN_0266
,,,,,,,,HR
,,,,,,,,9
,,,,,,,,5
,,,,,,,,9
,,,,,,,,4
,,,,,,,,9
,,,,,,,,35
,,,,,,,,EMP_SYN_0267
,,,,,,,,HR
,,,,,,,,6
,,,,,,,,7
,,,,,,,,6
,,,,,,,,5
,,,,,,,,7
,,,,,,,,42
,,,,,,,,EMP_SYN_0268
,,,,,,,,HR
,,,,,,,,6
,,,,,,,,5
,,,,,,,,5
,,,,,,,,2
,,,,,,,,6
,,,,,,,,36
,,,,,,,,EMP_SYN_0269
,,,,,,,,Operations
,,,,,,,,6
,,,,,,,,2
,,,,,,,,1
,,,,,,,,1
,,,,,,,,4
,,,,,,,,87
,,,,,,,,EMP_SYN_0270
,,,,,,,,Marketing
,,,,,,,,1
,,,,,,,,3
,,,,,,,,7
,,,,,,,,2
,,,,,,,,4
,,,,,,,,69
,,,,,,,,EMP_SYN_0271
,,,,,,,,Finance
,,,,,,,,7
,,,,,,,,8
,,,,,,,,1
,,,,,,,,4
,,,,,,,,4
,,,,,,,,75
,,,,,,,,EMP_SYN_0272
,,,,,,,,Marketing
,,,,,,,,2
,,,,,,,,10
,,,,,,,,10
,,,,,,,,7
,,,,,,,,1
,,,,,,,,35
,,,,,,,,EMP_SYN_0273
,,,,,,,,IT
,,,,,,,,4
,,,,,,,,6
,,,,,,,,9
,,,,,,,,8
,,,,,,,,7
,,,,,,,,66
,,,,,,,,EMP_SYN_0274
,,,,,,,,Finance
,,,,,,,,6
,,,,,,,,6
,,,,,,,,9
,,,,,,,,3
,,,,,,,,5
,,,,,,,,26
,,,,,,,,EMP_SYN_0275
,,,,,,,,Finance
,,,,,,,,7
,,,,,,,,1
,,,,,,,,3
,,,,,,,,5
,,,,,,,,0
,,,,,,,,49
,,,,,,,,EMP_SYN_0276
,,,,,,,,IT
,,,,,,,,10
,,,,,,,,9
,,,,,,,,4
,,,,,,,,4
,,,,,,,,4
,,,,,,,,71
,,,,,,,,EMP_SYN_0277
,,,,,,,,HR
,,,,,,,,4
,,,,,,,,3
,,,,,,,,9
,,,,,,,,3
,,,,,,,,3
,,,,,,,,1
,,,,,,,,EMP_SYN_0278
,,,,,,,,Operations
,,,,,,,,1
,,,,,,,,7
,,,,,,,,2
,,,,,,,,5
,,,,,,,,8
,,,,,,,,87
,,,,,,,,EMP_SYN_0279
,,,,,,,,HR
,,,,,,,,5
,,,,,,,,5
,,,,,,,,4
,,,,,,,,9
,,,,,,,,4
,,,,,,,,6
,,,,,,,,EMP_SYN_0280
,,,,,,,,HR
,,,,,,,,2
,,,,,,,,6
,,,,,,,,2
,,,,,,,,7
,,,,,,,,7
,,,,,,,,65
,,,,,,,,EMP_SYN_0281
,,,,,,,,Finance
,,,,,,,,10
,,,,,,,,8
,,,,,,,,5
,,,,,,,,1
,,,,,,,,3
,,,,,,,,73
,,,,,,,,EMP_SYN_0282
,,,,,,,,Operations
,,,,,,,,8
,,,,,,,,0
,,,,,,,,10
,,,,,,,,8
,,,,,,,,3
,,,,,,,,0
,,,,,,,,EMP_SYN_0283
,,,,,,,,IT
,,,,,,,,9
,,,,,,,,8
,,,,,,,,4
,,,,,,,,2
,,,,,,,,2
,,,,,,,,87
,,,,,,,,EMP_SYN_0284
,,,,,,,,IT
,,,,,,,,1
,,,,,,,,4
,,,,,,,,1
,,,,,,,,3
,,,,,,,,5
,,,,,,,,44
,,,,,,,,EMP_SYN_0285
,,,,,,,,Marketing
,,,,,,,,5
,,,,,,,,10
,,,,,,,,6
,,,,,,,,12
,,,,,,,,7
,,,,,,,,61
,,,,,,,,EMP_SYN_0286
,,,,,,,,Operations
,,,,,,,,1
,,,,,,,,4
,,,,,,,,8
,,,,,,,,4
,,,,,,,,6
,,,,,,,,22
,,,,,,,,EMP_SYN_0287
,,,,,,,,Marketing
,,,,,,,,7
,,,,,,,,5
,,,,,,,,2
,,,,,,,,4
,,,,,,,,6
,,,,,,,,85
,,,,,,,,EMP_SYN_0288
,,,,,,,,IT
,,,,,,,,12
,,,,,,,,11
,,,,,,,,6
,,,,,,,,9
,,,,,,,,9
,,,,,,,,3
,,,,,,,,EMP_SYN_0289
,,,,,,,,IT
,,,,,,,,0
,,,,,,,,11
,,,,,,,,11
,,,,,,,,8
,,,,,,,,3
,,,,,,,,49
,,,,,,,,EMP_SYN_0290
,,,,,,,,Marketing
,,,,,,,,6
,,,,,,,,0
,,,,,,,,9
,,,,,,,,8
,,,,,,,,0
,,,,,,,,35
,,,,,,,,EMP_SYN_0291
,,,,,,,,IT
,,,,,,,,7
,,,,,,,,3
,,,,,,,,3
,,,,,,,,1
,,,,,,,,5
,,,,,,,,1
,,,,,,,,EMP_SYN_0292
,,,,,,,,Operations
,,,,,,,,8
,,,,,,,,5
,,,,,,,,5
,,,,,,,,2
,,,,,,,,3
,,,,,,,,73
,,,,,,,,EMP_SYN_0293
,,,,,,,,Marketing
,,,,,,,,5
,,,,,,,,6
,,,,,,,,3
,,,,,,,,10
,,,,,,,,0
,,,,,,,,60
,,,,,,,,EMP_SYN_0294
,,,,,,,,Finance
,,,,,,,,2
,,,,,,,,1
,,,,,,,,5
,,,,,,,,6
,,,,,,,,12
,,,,,,,,83
,,,,,,,,EMP_SYN_0295
,,,,,,,,IT
,,,,,,,,9
,,,,,,,,1
,,,,,,,,7
,,,,,,,,3
,,,,,,,,5
,,,,,,,,38
,,,,,,,,EMP_SYN_0296
,,,,,,,,IT
,,,,,,,,2
,,,,,,,,1
,,,,,,,,7
,,,,,,,,3
,,,,,,,,3
,,,,,,,,68
,,,,,,,,EMP_SYN_0297
,,,,,,,,Finance
,,,,,,,,2
,,,,,,,,12
,,,,,,,,8
,,,,,,,,3
,,,,,,,,5
,,,,,,,,8
,,,,,,,,EMP_SYN_0298
,,,,,,,,Operations
,,,,,,,,7
,,,,,,,,2
,,,,,,,,6
,,,,,,,,0
,,,,,,,,9
,,,,,,,,12
,,,,,,,,EMP_SYN_0299
,,,,,,,,Operations
,,,,,,,,0
,,,,,,,,2
,,,,,,,,3
,,,,,,,,0
,,,,,,,,9
,,,,,,,,25
,,,,,,,,EMP_SYN_0300
,,,,,,,,IT
,,,,,,,,8
,,,,,,,,7
,,,,,,,,2
,,,,,,,,4
,,,,,,,,0
,,,,,,,,84
,,,,,,,,EMP_SYN_0301
,,,,,,,,IT
,,,,,,,,9
,,,,,,,,10
,,,,,,,,10
,,,,,,,,4
,,,,,,,,10
,,,,,,,,66
,,,,,,,,EMP_SYN_0302
,,,,,,,,Marketing
,,,,,,,,2
,,,,,,,,5
,,,,,,,,2
,,,,,,,,5
,,,,,,,,8
,,,,,,,,84
,,,,,,,,EMP_SYN_0303
,,,,,,,,Finance
,,,,,,,,7
,,,,,,,,0
,,,,,,,,6
,,,,,,,,7
,,,,,,,,5
,,,,,,,,24
,,,,,,,,EMP_SYN_0304
,,,,,,,,Finance
,,,,,,,,5
,,,,,,,,5
,,,,,,,,1
,,,,,,,,3
,,,,,,,,10
,,,,,,,,10
,,,,,,,,EMP_SYN_0305
,,,,,,,,Finance
,,,,,,,,1
,,,,,,,,0
,,,,,,,,7
,,,,,,,,6
,,,,,,,,6
,,,,,,,,53
,,,,,,,,EMP_SYN_0306
,,,,,,,,IT
,,,,,,,,6
,,,,,,,,10
,,,,,,,,3
,,,,,,,,3
,,,,,,,,6
,,,,,,,,38
,,,,,,,,EMP_SYN_0307
,,,,,,,,IT
,,,,,,,,0
,,,,,,,,11
,,,,,,,,9
,,,,,,,,9
,,,,,,,,0
,,,,,,,,55
,,,,,,,,EMP_SYN_0308
,,,,,,,,Operations
,,,,,,,,0
,,,,,,,,0
,,,,,,,,2
,,,,,,,,3
,,,,,,,,0
,,,,,,,,79
,,,,,,,,EMP_SYN_0309
,,,,,,,,IT
,,,,,,,,9
,,,,,,,,7
,,,,,,,,5
,,,,,,,,3
,,,,,,,,4
,,,,,,,,62
,,,,,,,,EMP_SYN_0310
,,,,,,,,HR
,,,,,,,,5
,,,,,,,,3
,,,,,,,,9
,,,,,,,,3
,,,,,,,,0
,,,,,,,,1
,,,,,,,,EMP_SYN_0311
,,,,,,,,Finance
,,,,,,,,4
,,,,,,,,3
,,,,,,,,5
,,,,,,,,4
,,,,,,,,5
,,,,,,,,33
,,,,,,,,EMP_SYN_0312
,,,,,,,,HR
,,,,,,,,8
,,,,,,,,1
,,,,,,,,3
,,,,,,,,4
,,,,,,,,5
,,,,,,,,79
,,,,,,,,EMP_SYN_0313
,,,,,,,,Operations
,,,,,,,,2
,,,,,,,,6
,,,,,,,,5
,,,,,,,,2
,,,,,,,,8
,,,,,,,,99
,,,,,,,,EMP_SYN_0314
,,,,,,,,Marketing
,,,,,,,,4
,,,,,,,,9
,,,,,,,,5
,,,,,,,,7
,,,,,,,,7
,,,,,,,,97
,,,,,,,,EMP_SYN_0315
,,,,,,,,Marketing
,,,,,,,,0
,,,,,,,,8
,,,,,,,,3
,,,,,,,,8
,,,,,,,,4
,,,,,,,,51
,,,,,,,,EMP_SYN_0316
,,,,,,,,Operations
,,,,,,,,10
,,,,,,,,5
,,,,,,,,8
,,,,,,,,8
,,,,,,,,5
,,,,,,,,70
,,,,,,,,EMP_SYN_0317
,,,,,,,,Finance
,,,,,,,,8
,,,,,,,,8
,,,,,,,,8
,,,,,,,,5
,,,,,,,,10
,,,,,,,,81
,,,,,,,,EMP_SYN_0318
,,,,,,,,Finance
,,,,,,,,2
,,,,,,,,11
,,,,,,,,8
,,,,,,,,10
,,,,,,,,6
,,,,,,,,45
,,,,,,,,EMP_SYN_0319
,,,,,,,,Operations
,,,,,,,,9
,,,,,,,,5
,,,,,,,,7
,,,,,,,,5
,,,,,,,,3
,,,,,,,,51
,,,,,,,,EMP_SYN_0320
,,,,,,,,Marketing
,,,,,,,,9
,,,,,,,,8
,,,,,,,,1
,,,,,,,,8
,,,,,,,,8
,,,,,,,,103
,,,,,,,,EMP_SYN_0321
,,,,,,,,HR
,,,,,,,,9
,,,,,,,,5
,,,,,,,,0
,,,,,,,,4
,,,,,,,,3
,,,,,,,,7
,,,,,,,,EMP_SYN_0322
,,,,,,,,IT
,,,,,,,,11
,,,,,,,,0
,,,,,,,,6
,,,,,,,,12
,,,,,,,,10
,,,,,,,,69
,,,,,,,,EMP_SYN_0323
,,,,,,,,Finance
,,,,,,,,6
,,,,,,,,4
,,,,,,,,6
,,,,,,,,7
,,,,,,,,2
,,,,,,,,23
,,,,,,,,EMP_SYN_0324
,,,,,,,,Marketing
,,,,,,,,1
,,,,,,,,8
,,,,,,,,3
,,,,,,,,5
,,,,,,,,4
,,,,,,,,6
,,,,,,,,EMP_SYN_0325
,,,,,,,,IT
,,,,,,,,3
,,,,,,,,5
,,,,,,,,4
,,,,,,,,4
,,,,,,,,0
,,,,,,,,17
,,,,,,,,EMP_SYN_0326
,,,,,,,,HR
,,,,,,,,9
,,,,,,,,5
,,,,,,,,4
,,,,,,,,1
,,,,,,,,4
,,,,,,,,59
,,,,,,,,EMP_SYN_0327
,,,,,,,,HR
,,,,,,,,4
,,,,,,,,9
,,,,,,,,6
,,,,,,,,3
,,,,,,,,6
,,,,,,,,33
,,,,,,,,EMP_SYN_0328
,,,,,,,,Finance
,,,,,,,,7
,,,,,,,,4
,,,,,,,,5
,,,,,,,,1
,,,,,,,,0
,,,,,,,,45
,,,,,,,,EMP_SYN_0329
,,,,,,,,IT
,,,,,,,,9
,,,,,,,,5
,,,,,,,,4
,,,,,,,,4
,,,,,,,,4
,,,,,,,,19
,,,,,,,,EMP_SYN_0330
,,,,,,,,HR
,,,,,,,,4
,,,,,,,,3
,,,,,,,,9
,,,,,,,,2
,,,,,,,,1
,,,,,,,,40
,,,,,,,,EMP_SYN_0331
,,,,,,,,HR
,,,,,,,,4
,,,,,,,,5
,,,,,,,,6
,,,,,,,,6
,,,,,,,,2
,,,,,,,,50
,,,,,,,,EMP_SYN_0332
,,,,,,,,Marketing
,,,,,,,,7
,,,,,,,,7
,,,,,,,,4
,,,,,,,,8
,,,,,,,,3
,,,,,,,,66
,,,,,,,,EMP_SYN_0333
,,,,,,,,IT
,,,,,,,,4
,,,,,,,,5
,,,,,,,,4
,,,,,,,,4
,,,,,,,,8
,,,,,,,,8
,,,,,,,,EMP_SYN_0334
,,,,,,,,IT
,,,,,,,,3
,,,,,,,,4
,,,,,,,,1
,,,,,,,,6
,,,,,,,,3
,,,,,,,,6
,,,,,,,,EMP_SYN_0335
,,,,,,,,Operations
,,,,,,,,5
,,,,,,,,6
,,,,,,,,9
,,,,,,,,6
,,,,,,,,6
,,,,,,,,42
,,,,,,,,EMP_SYN_0336
,,,,,,,,IT
,,,,,,,,5
,,,,,,,,8
,,,,,,,,2
,,,,,,,,0
,,,,,,,,4
,,,,,,,,42
,,,,,,,,EMP_SYN_0337
,,,,,,,,Finance
,,,,,,,,3
,,,,,,,,10
,,,,,,,,6
,,,,,,,,3
,,,,,,,,8
,,,,,,,,7
,,,,,,,,EMP_SYN_0338
,,,,,,,,IT
,,,,,,,,3
,,,,,,,,8
,,,,,,,,1
,,,,,,,,5
,,,,,,,,10
,,,,,,,,72
,,,,,,,,EMP_SYN_0339
,,,,,,,,Operations
,,,,,,,,2
,,,,,,,,2
,,,,,,,,5
,,,,,,,,3
,,,,,,,,6
,,,,,,,,29
,,,,,,,,EMP_SYN_0340
,,,,,,,,Operations
,,,,,,,,6
,,,,,,,,2
,,,,,,,,0
,,,,,,,,3
,,,,,,,,4
,,,,,,,,89
,,,,,,,,EMP_SYN_0341
,,,,,,,,IT
,,,,,,,,9
,,,,,,,,5
,,,,,,,,1
,,,,,,,,8
,,,,,,,,4
,,,,,,,,9
,,,,,,,,EMP_SYN_0342
,,,,,,,,HR
,,,,,,,,6
,,,,,,,,4
,,,,,,,,5
,,,,,,,,7
,,,,,,,,6
,,,,,,,,54
,,,,,,,,EMP_SYN_0343
,,,,,,,,Marketing
,,,,,,,,1
,,,,,,,,11
,,,,,,,,7
,,,,,,,,8
,,,,,,,,9
,,,,,,,,55
,,,,,,,,EMP_SYN_0344
,,,,,,,,HR
,,,,,,,,7
,,,,,,,,2
,,,,,,,,0
,,,,,,,,9
,,,,,,,,10
,,,,,,,,10
,,,,,,,,EMP_SYN_0345
,,,,,,,,HR
,,,,,,,,0
,,,,,,,,6
,,,,,,,,0
,,,,,,,,3
,,,,,,,,8
,,,,,,,,82
,,,,,,,,EMP_SYN_0346
,,,,,,,,HR
,,,,,,,,6
,,,,,,,,4
,,,,,,,,7
,,,,,,,,1
,,,,,,,,12
,,,,,,,,50
,,,,,,,,EMP_SYN_0347
,,,,,,,,HR
,,,,,,,,0
,,,,,,,,7
,,,,,,,,9
,,,,,,,,8
,,,,,,,,11
,,,,,,,,80
,,,,,,,,EMP_SYN_0348
,,,,,,,,IT
,,,,,,,,4
,,,,,,,,8
,,,,,,,,7
,,,,,,,,7
,,,,,,,,7
,,,,,,,,64
,,,,,,,,EMP_SYN_0349
,,,,,,,,Finance
,,,,,,,,2
,,,,,,,,2
,,,,,,,,1
,,,,,,,,2
,,,,,,,,11
,,,,,,,,13
,,,,,,,,EMP_SYN_0350
,,,,,,,,IT
,,,,,,,,5
,,,,,,,,3
,,,,,,,,8
,,,,,,,,0
,,,,,,,,9
,,,,,,,,23
,,,,,,,,EMP_SYN_0351
,,,,,,,,Finance
,,,,,,,,9
,,,,,,,,8
,,,,,,,,2
,,,,,,,,6
,,,,,,,,1
,,,,,,,,20
,,,,,,,,EMP_SYN_0352
,,,,,,,,HR
,,,,,,,,9
,,,,,,,,5
,,,,,,,,3
,,,,,,,,7
,,,,,,,,6
,,,,,,,,19
,,,,,,,,EMP_SYN_0353
,,,,,,,,Marketing
,,,,,,,,1
,,,,,,,,11
,,,,,,,,9
,,,,,,,,10
,,,,,,,,4
,,,,,,,,38
,,,,,,,,EMP_SYN_0354
,,,,,,,,IT
,,,,,,,,5
,,,,,,,,5
,,,,,,,,6
,,,,,,,,7
,,,,,,,,5
,,,,,,,,59
,,,,,,,,EMP_SYN_0355
,,,,,,,,Marketing
,,,,,,,,4
,,,,,,,,6
,,,,,,,,3
,,,,,,,,8
,,,,,,,,3
,,,,,,,,95
,,,,,,,,EMP_SYN_0356
,,,,,,,,HR
,,,,,,,,6
,,,,,,,,12
,,,,,,,,8
,,,,,,,,10
,,,,,,,,1
,,,,,,,,60
,,,,,,,,EMP_SYN_0357
,,,,,,,,Finance
,,,,,,,,7
,,,,,,,,4
,,,,,,,,0
,,,,,,,,7
,,,,,,,,3
,,,,,,,,56
,,,,,,,,EMP_SYN_0358
,,,,,,,,Finance
,,,,,,,,11
,,,,,,,,7
,,,,,,,,6
,,,,,,,,0
,,,,,,,,4
,,,,,,,,38
,,,,,,,,EMP_SYN_0359
,,,,,,,,IT
,,,,,,,,9
,,,,,,,,10
,,,,,,,,6
,,,,,,,,5
,,,,,,,,4
,,,,,,,,73
,,,,,,,,EMP_SYN_0360
,,,,,,,,Marketing
,,,,,,,,5
,,,,,,,,6
,,,,,,,,3
,,,,,,,,4
,,,,,,,,4
,,,,,,,,101
,,,,,,,,EMP_SYN_0361
,,,,,,,,Marketing
,,,,,,,,5
,,,,,,,,7
,,,,,,,,4
,,,,,,,,8
,,,,,,,,1
,,,,,,,,61
,,,,,,,,EMP_SYN_0362
,,,,,,,,Finance
,,,,,,,,9
,,,,,,,,6
,,,,,,,,6
,,,,,,,,1
,,,,,,,,4
,,,,,,,,44
,,,,,,,,EMP_SYN_0363
,,,,,,,,IT
,,,,,,,,10
,,,,,,,,7
,,,,,,,,5
,,,,,,,,1
,,,,,,,,5
,,,,,,,,24
,,,,,,,,EMP_SYN_0364
,,,,,,,,IT
,,,,,,,,9
,,,,,,,,3
,,,,,,,,5
,,,,,,,,1
,,,,,,,,6
,,,,,,,,38
,,,,,,,,EMP_SYN_0365
,,,,,,,,Operations
,,,,,,,,3
,,,,,,,,5
,,,,,,,,1
,,,,,,,,2
,,,,,,,,2
,,,,,,,,28
,,,,,,,,EMP_SYN_0366
,,,,,,,,HR
,,,,,,,,0
,,,,,,,,10
,,,,,,,,5
,,,,,,,,4
,,,,,,,,10
,,,,,,,,91
,,,,,,,,EMP_SYN_0367
,,,,,,,,HR
,,,,,,,,8
,,,,,,,,10
,,,,,,,,3
,,,,,,,,8
,,,,,,,,9
,,,,,,,,38
,,,,,,,,EMP_SYN_0368
,,,,,,,,Marketing
,,,,,,,,1
,,,,,,,,6
,,,,,,,,5
,,,,,,,,10
,,,,,,,,4
,,,,,,,,60
,,,,,,,,EMP_SYN_0369
,,,,,,,,HR
,,,,,,,,5
,,,,,,,,1
,,,,,,,,5
,,,,,,,,1
,,,,,,,,6
,,,,,,,,70
,,,,,,,,EMP_SYN_0370
,,,,,,,,Operations
,,,,,,,,4
,,,,,,,,8
,,,,,,,,9
,,,,,,,,9
,,,,,,,,8
,,,,,,,,36
,,,,,,,,EMP_SYN_0371
,,,,,,,,Finance
,,,,,,,,6
,,,,,,,,3
,,,,,,,,7
,,,,,,,,5
,,,,,,,,3
,,,,,,,,48
,,,,,,,,EMP_SYN_0372
,,,,,,,,IT
,,,,,,,,8
,,,,,,,,7
,,,,,,,,1
,,,,,,,,2
,,,,,,,,3
,,,,,,,,0
,,,,,,,,EMP_SYN_0373
,,,,,,,,Finance
,,,,,,,,3
,,,,,,,,4
,,,,,,,,4
,,,,,,,,2
,,,,,,,,8
,,,,,,,,22
,,,,,,,,EMP_SYN_0374
,,,,,,,,Finance
,,,,,,,,7
,,,,,,,,1
,,,,,,,,8
,,,,,,,,0
,,,,,,,,5
,,,,,,,,18
,,,,,,,,EMP_SYN_0375
,,,,,,,,Marketing
,,,,,,,,2
,,,,,,,,12
,,,,,,,,4
,,,,,,,,6
,,,,,,,,5
,,,,,,,,1
,,,,,,,,EMP_SYN_0376
,,,,,,,,Marketing
,,,,,,,,1
,,,,,,,,5
,,,,,,,,4
,,,,,,,,2
,,,,,,,,8
,,,,,,,,21
,,,,,,,,EMP_SYN_0377
,,,,,,,,Finance
,,,,,,,,7
,,,,,,,,3
,,,,,,,,4
,,,,,,,,10
,,,,,,,,5
,,,,,,,,21
,,,,,,,,EMP_SYN_0378
,,,,,,,,Operations
,,,,,,,,5
,,,,,,,,3
,,,,,,,,3
,,,,,,,,9
,,,,,,,,5
,,,,,,,,50
,,,,,,,,EMP_SYN_0379
,,,,,,,,HR
,,,,,,,,3
,,,,,,,,8
,,,,,,,,9
,,,,,,,,4
,,,,,,,,2
,,,,,,,,54
,,,,,,,,EMP_SYN_0380
,,,,,,,,Finance
,,,,,,,,4
,,,,,,,,1
,,,,,,,,7
,,,,,,,,8
,,,,,,,,3
,,,,,,,,18
,,,,,,,,EMP_SYN_0381
,,,,,,,,HR
,,,,,,,,3
,,,,,,,,10
,,,,,,,,3
,,,,,,,,5
,,,,,,,,8
,,,,,,,,31
,,,,,,,,EMP_SYN_0382
,,,,,,,,Finance
,,,,,,,,4
,,,,,,,,8
,,,,,,,,7
,,,,,,,,8
,,,,,,,,6
,,,,,,,,29
,,,,,,,,EMP_SYN_0383
,,,,,,,,Finance
,,,,,,,,7
,,,,,,,,1
,,,,,,,,12
,,,,,,,,10
,,,,,,,,6
,,,,,,,,0
,,,,,,,,EMP_SYN_0384
,,,,,,,,Operations
,,,,,,,,4
,,,,,,,,6
,,,,,,,,12
,,,,,,,,6
,,,,,,,,7
,,,,,,,,38
,,,,,,,,EMP_SYN_0385
,,,,,,,,HR
,,,,,,,,8
,,,,,,,,4
,,,,,,,,6
,,,,,,,,3
,,,,,,,,4
,,,,,,,,19
,,,,,,,,EMP_SYN_0386
,,,,,,,,HR
,,,,,,,,11
,,,,,,,,5
,,,,,,,,0
,,,,,,,,5
,,,,,,,,3
,,,,,,,,9
,,,,,,,,EMP_SYN_0387
,,,,,,,,Finance
,,,,,,,,5
,,,,,,,,5
,,,,,,,,2
,,,,,,,,2
,,,,,,,,6
,,,,,,,,69
,,,,,,,,EMP_SYN_0388
,,,,,,,,IT
,,,,,,,,8
,,,,,,,,3
,,,,,,,,2
,,,,,,,,8
,,,,,,,,1
,,,,,,,,37
,,,,,,,,EMP_SYN_0389
,,,,,,,,IT
,,,,,,,,6
,,,,,,,,2
,,,,,,,,3
,,,,,,,,10
,,,,,,,,4
,,,,,,,,1
,,,,,,,,EMP_SYN_0390
,,,,,,,,Marketing
,,,,,,,,5
,,,,,,,,8
,,,,,,,,3
,,,,,,,,0
,,,,,,,,1
,,,,,,,,31
,,,,,,,,EMP_SYN_0391
,,,,,,,,Marketing
,,,,,,,,4
,,,,,,,,10
,,,,,,,,5
,,,,,,,,11
,,,,,,,,2
,,,,,,,,0
,,,,,,,,EMP_SYN_0392
,,,,,,,,Finance
,,,,,,,,5
,,,,,,,,4
,,,,,,,,0
,,,,,,,,5
,,,,,,,,8
,,,,,,,,35
,,,,,,,,EMP_SYN_0393
,,,,,,,,HR
,,,,,,,,4
,,,,,,,,5
,,,,,,,,4
,,,,,,,,10
,,,,,,,,2
,,,,,,,,36
,,,,,,,,EMP_SYN_0394
,,,,,,,,Finance
,,,,,,,,4
,,,,,,,,2
,,,,,,,,0
,,,,,,,,5
,,,,,,,,11
,,,,,,,,8
,,,,,,,,EMP_SYN_0395
,,,,,,,,Operations
,,,,,,,,8
,,,,,,,,6
,,,,,,,,3
,,,,,,,,4
,,,,,,,,2
,,,,,,,,71
,,,,,,,,EMP_SYN_0396
,,,,,,,,Finance
,,,,,,,,1
,,,,,,,,6
,,,,,,,,11
,,,,,,,,7
,,,,,,,,8
,,,,,,,,65
,,,,,,,,EMP_SYN_0397
,,,,,,,,Operations
,,,,,,,,5
,,,,,,,,3
,,,,,,,,0
,,,,,,,,7
,,,,,,,,8
,,,,,,,,54
,,,,,,,,EMP_SYN_0398
,,,,,,,,Operations
,,,,,,,,6
,,,,,,,,5
,,,,,,,,5
,,,,,,,,2
,,,,,,,,3
,,,,,,,,67
,,,,,,,,EMP_SYN_0399
,,,,,,,,Finance
,,,,,,,,6
,,,,,,,,1
,,,,,,,,0
,,,,,,,,3
,,,,,,,,2
,,,,,,,,94
,,,,,,,,EMP_SYN_0400
,,,,,,,,HR
,,,,,,,,7
,,,,,,,,10
,,,,,,,,7
,,,,,,,,8
,,,,,,,,9
,,,,,,,,42
,,,,,,,,EMP_SYN_0401
,,,,,,,,Finance
,,,,,,,,5
,,,,,,,,4
,,,,,,,,2
,,,,,,,,3
,,,,,,,,11
,,,,,,,,42
,,,,,,,,EMP_SYN_0402
,,,,,,,,Marketing
,,,,,,,,8
,,,,,,,,7
,,,,,,,,4
,,,,,,,,8
,,,,,,,,2
,,,,,,,,58
,,,,,,,,EMP_SYN_0403
,,,,,,,,Finance
,,,,,,,,5
,,,,,,,,2
,,,,,,,,0
,,,,,,,,7
,,,,,,,,4
,,,,,,,,53
,,,,,,,,EMP_SYN_0404
,,,,,,,,IT
,,,,,,,,0
,,,,,,,,3
,,,,,,,,4
,,,,,,,,6
,,,,,,,,3
,,,,,,,,56
,,,,,,,,EMP_SYN_0405
,,,,,,,,IT
,,,,,,,,4
,,,,,,,,2
,,,,,,,,5
,,,,,,,,5
,,,,,,,,1
,,,,,,,,10
,,,,,,,,EMP_SYN_0406
,,,,,,,,HR
,,,,,,,,3
,,,,,,,,6
,,,,,,,,2
,,,,,,,,9
,,,,,,,,5
,,,,,,,,63
,,,,,,,,EMP_SYN_0407
,,,,,,,,Finance
,,,,,,,,8
,,,,,,,,0
,,,,,,,,2
,,,,,,,,1
,,,,,,,,4
,,,,,,,,86
,,,,,,,,EMP_SYN_0408
,,,,,,,,IT
,,,,,,,,1
,,,,,,,,11
,,,,,,,,5
,,,,,,,,10
,,,,,,,,6
,,,,,,,,34
,,,,,,,,EMP_SYN_0409
,,,,,,,,HR
,,,,,,,,5
,,,,,,,,1
,,,,,,,,0
,,,,,,,,8
,,,,,,,,1
,,,,,,,,83
,,,,,,,,EMP_SYN_0410
,,,,,,,,IT
,,,,,,,,6
,,,,,,,,7
,,,,,,,,7
,,,,,,,,7
,,,,,,,,10
,,,,,,,,78
,,,,,,,,EMP_SYN_0411
,,,,,,,,HR
,,,,,,,,12
,,,,,,,,8
,,,,,,,,0
,,,,,,,,9
,,,,,,,,3
,,,,,,,,3
,,,,,,,,EMP_SYN_0412
,,,,,,,,Finance
,,,,,,,,8
,,,,,,,,7
,,,,,,,,7
,,,,,,,,0
,,,,,,,,0
,,,,,,,,101
,,,,,,,,EMP_SYN_0413
,,,,,,,,IT
,,,,,,,,8
,,,,,,,,0
,,,,,,,,3
,,,,,,,,10
,,,,,,,,6
,,,,,,,,26
,,,,,,,,EMP_SYN_0414
,,,,,,,,Finance
,,,,,,,,5
,,,,,,,,7
,,,,,,,,11
,,,,,,,,9
,,,,,,,,2
,,,,,,,,51
,,,,,,,,EMP_SYN_0415
,,,,,,,,Marketing
,,,,,,,,5
,,,,,,,,3
,,,,,,,,9
,,,,,,,,5
,,,,,,,,6
,,,,,,,,83
,,,,,,,,EMP_SYN_0416
,,,,,,,,Finance
,,,,,,,,0
,,,,,,,,0
,,,,,,,,4
,,,,,,,,11
,,,,,,,,7
,,,,,,,,56
,,,,,,,,EMP_SYN_0417
,,,,,,,,IT
,,,,,,,,2
,,,,,,,,0
,,,,,,,,0
,,,,,,,,5
,,,,,,,,5
,,,,,,,,65
,,,,,,,,EMP_SYN_0418
,,,,,,,,HR
,,,,,,,,8
,,,,,,,,3
,,,,,,,,2
,,,,,,,,6
,,,,,,,,5
,,,,,,,,84
,,,,,,,,EMP_SYN_0419
,,,,,,,,Marketing
,,,,,,,,8
,,,,,,,,6
,,,,,,,,3
,,,,,,,,4
,,,,,,,,10
,,,,,,,,10
,,,,,,,,EMP_SYN_0420
,,,,,,,,HR
,,,,,,,,10
,,,,,,,,10
,,,,,,,,4
,,,,,,,,6
,,,,,,,,4
,,,,,,,,12
,,,,,,,,EMP_SYN_0421
,,,,,,,,HR
,,,,,,,,7
,,,,,,,,10
,,,,,,,,11
,,,,,,,,9
,,,,,,,,0
,,,,,,,,55
,,,,,,,,EMP_SYN_0422
,,,,,,,,IT
,,,,,,,,10
,,,,,,,,1
,,,,,,,,4
,,,,,,,,11
,,,,,,,,6
,,,,,,,,67
,,,,,,,,EMP_SYN_0423
,,,,,,,,IT
,,,,,,,,6
,,,,,,,,9
,,,,,,,,6
,,,,,,,,4
,,,,,,,,4
,,,,,,,,65
,,,,,,,,EMP_SYN_0424
,,,,,,,,IT
,,,,,,,,3
,,,,,,,,6
,,,,,,,,8
,,,,,,,,6
,,,,,,,,2
,,,,,,,,57
,,,,,,,,EMP_SYN_0425
,,,,,,,,HR
,,,,,,,,0
,,,,,,,,4
,,,,,,,,9
,,,,,,,,6
,,,,,,,,4
,,,,,,,,66
,,,,,,,,EMP_SYN_0426
,,,,,,,,Finance
,,,,,,,,2
,,,,,,,,2
,,,,,,,,3
,,,,,,,,2
,,,,,,,,9
,,,,,,,,31
,,,,,,,,EMP_SYN_0427
,,,,,,,,HR
,,,,,,,,6
,,,,,,,,0
,,,,,,,,4
,,,,,,,,6
,,,,,,,,6
,,,,,,,,79
,,,,,,,,EMP_SYN_0428
,,,,,,,,Marketing
,,,,,,,,9
,,,,,,,,4
,,,,,,,,5
,,,,,,,,9
,,,,,,,,2
,,,,,,,,31
,,,,,,,,EMP_SYN_0429
,,,,,,,,Finance
,,,,,,,,3
,,,,,,,,3
,,,,,,,,4
,,,,,,,,12
,,,,,,,,8
,,,,,,,,33
,,,,,,,,EMP_SYN_0430
,,,,,,,,Finance
,,,,,,,,8
,,,,,,,,4
,,,,,,,,3
,,,,,,,,4
,,,,,,,,9
,,,,,,,,30
,,,,,,,,EMP_SYN_0431
,,,,,,,,IT
,,,,,,,,3
,,,,,,,,2
,,,,,,,,4
,,,,,,,,8
,,,,,,,,4
,,,,,,,,63
,,,,,,,,EMP_SYN_0432
,,,,,,,,Operations
,,,,,,,,6
,,,,,,,,6
,,,,,,,,10
,,,,,,,,8
,,,,,,,,4
,,,,,,,,34
,,,,,,,,EMP_SYN_0433
,,,,,,,,Operations
,,,,,,,,6
,,,,,,,,2
,,,,,,,,6
,,,,,,,,7
,,,,,,,,3
,,,,,,,,44
,,,,,,,,EMP_SYN_0434
,,,,,,,,HR
,,,,,,,,4
,,,,,,,,6
,,,,,,,,7
,,,,,,,,2
,,,,,,,,7
,,,,,,,,8
,,,,,,,,EMP_SYN_0435
,,,,,,,,HR
,,,,,,,,6
,,,,,,,,3
,,,,,,,,3
,,,,,,,,5
,,,,,,,,7
,,,,,,,,36
,,,,,,,,EMP_SYN_0436
,,,,,,,,Marketing
,,,,,,,,10
,,,,,,,,8
,,,,,,,,1
,,,,,,,,5
,,,,,,,,3
,,,,,,,,62
,,,,,,,,EMP_SYN_0437
,,,,,,,,IT
,,,,,,,,3
,,,,,,,,11
,,,,,,,,10
,,,,,,,,3
,,,,,,,,12
,,,,,,,,82
,,,,,,,,EMP_SYN_0438
,,,,,,,,Marketing
,,,,,,,,12
,,,,,,,,6
,,,,,,,,1
,,,,,,,,6
,,,,,,,,6
,,,,,,,,99
,,,,,,,,EMP_SYN_0439
,,,,,,,,HR
,,,,,,,,1
,,,,,,,,11
,,,,,,,,7
,,,,,,,,8
,,,,,,,,0
,,,,,,,,26
,,,,,,,,EMP_SYN_0440
,,,,,,,,IT
,,,,,,,,2
,,,,,,,,2
,,,,,,,,0
,,,,,,,,4
,,,,,,,,2
,,,,,,,,6
,,,,,,,,EMP_SYN_0441
,,,,,,,,Finance
,,,,,,,,11
,,,,,,,,10
,,,,,,,,9
,,,,,,,,3
,,,,,,,,5
,,,,,,,,35
,,,,,,,,EMP_SYN_0442
,,,,,,,,Operations
,,,,,,,,2
,,,,,,,,10
,,,,,,,,6
,,,,,,,,2
,,,,,,,,7
,,,,,,,,7
,,,,,,,,EMP_SYN_0443
,,,,,,,,HR
,,,,,,,,1
,,,,,,,,4
,,,,,,,,6
,,,,,,,,1
,,,,,,,,8
,,,,,,,,71
,,,,,,,,EMP_SYN_0444
,,,,,,,,Finance
,,,,,,,,0
,,,,,,,,12
,,,,,,,,7
,,,,,,,,7
,,,,,,,,4
,,,,,,,,25
,,,,,,,,EMP_SYN_0445
,,,,,,,,Finance
,,,,,,,,6
,,,,,,,,1
,,,,,,,,7
,,,,,,,,0
,,,,,,,,2
,,,,,,,,9
,,,,,,,,EMP_SYN_0446
,,,,,,,,IT
,,,,,,,,8
,,,,,,,,0
,,,,,,,,0
,,,,,,,,9
,,,,,,,,2
,,,,,,,,9
,,,,,,,,EMP_SYN_0447
,,,,,,,,Marketing
,,,,,,,,7
,,,,,,,,7
,,,,,,,,3
,,,,,,,,5
,,,,,,,,0
,,,,,,,,59
,,,,,,,,EMP_SYN_0448
,,,,,,,,Finance
,,,,,,,,4
,,,,,,,,5
,,,,,,,,4
,,,,,,,,1
,,,,,,,,7
,,,,,,,,32
,,,,,,,,EMP_SYN_0449
,,,,,,,,Finance
,,,,,,,,6
,,,,,,,,5
,,,,,,,,7
,,,,,,,,8
,,,,,,,,7
,,,,,,,,5
,,,,,,,,EMP_SYN_0450
,,,,,,,,HR
,,,,,,,,1
,,,,,,,,6
,,,,,,,,8
,,,,,,,,3
,,,,,,,,5
,,,,,,,,6
,,,,,,,,EMP_SYN_0451
,,,,,,,,Marketing
,,,,,,,,7
,,,,,,,,9
,,,,,,,,5
,,,,,,,,6
,,,,,,,,6
,,,,,,,,93
,,,,,,,,EMP_SYN_0452
,,,,,,,,Marketing
,,,,,,,,3
,,,,,,,,6
,,,,,,,,6
,,,,,,,,5
,,,,,,,,6
,,,,,,,,17
,,,,,,,,EMP_SYN_0453
,,,,,,,,IT
,,,,,,,,2
,,,,,,,,6
,,,,,,,,7
,,,,,,,,6
,,,,,,,,1
,,,,,,,,73
,,,,,,,,EMP_SYN_0454
,,,,,,,,Finance
,,,,,,,,4
,,,,,,,,10
,,,,,,,,4
,,,,,,,,5
,,,,,,,,8
,,,,,,,,16
,,,,,,,,EMP_SYN_0455
,,,,,,,,IT
,,,,,,,,10
,,,,,,,,7
,,,,,,,,5
,,,,,,,,9
,,,,,,,,2
,,,,,,,,9
,,,,,,,,EMP_SYN_0456
,,,,,,,,HR
,,,,,,,,5
,,,,,,,,4
,,,,,,,,7
,,,,,,,,2
,,,,,,,,1
,,,,,,,,45
,,,,,,,,EMP_SYN_0457
,,,,,,,,Finance
,,,,,,,,3
,,,,,,,,3
,,,,,,,,6
,,,,,,,,1
,,,,,,,,10
,,,,,,,,35
,,,,,,,,EMP_SYN_0458
,,,,,,,,Finance
,,,,,,,,8
,,,,,,,,3
,,,,,,,,5
,,,,,,,,5
,,,,,,,,2
,,,,,,,,55
,,,,,,,,EMP_SYN_0459
,,,,,,,,HR
,,,,,,,,5
,,,,,,,,7
,,,,,,,,9
,,,,,,,,7
,,,,,,,,1
,,,,,,,,57
,,,,,,,,EMP_SYN_0460
,,,,,,,,IT
,,,,,,,,5
,,,,,,,,7
,,,,,,,,0
,,,,,,,,0
,,,,,,,,9
,,,,,,,,47
,,,,,,,,EMP_SYN_0461
,,,,,,,,HR
,,,,,,,,10
,,,,,,,,5
,,,,,,,,3
,,,,,,,,5
,,,,,,,,9
,,,,,,,,18
,,,,,,,,EMP_SYN_0462
,,,,,,,,IT
,,,,,,,,7
,,,,,,,,4
,,,,,,,,4
,,,,,,,,0
,,,,,,,,4
,,,,,,,,8
,,,,,,,,EMP_SYN_0463
,,,,,,,,Marketing
,,,,,,,,2
,,,,,,,,3
,,,,,,,,7
,,,,,,,,2
,,,,,,,,7
,,,,,,,,24
,,,,,,,,EMP_SYN_0464
,,,,,,,,IT
,,,,,,,,7
,,,,,,,,6
,,,,,,,,3
,,,,,,,,0
,,,,,,,,4
,,,,,,,,3
,,,,,,,,EMP_SYN_0465
,,,,,,,,HR
,,,,,,,,3
,,,,,,,,6
,,,,,,,,8
,,,,,,,,4
,,,,,,,,10
,,,,,,,,90
,,,,,,,,EMP_SYN_0466
,,,,,,,,Finance
,,,,,,,,8
,,,,,,,,2
,,,,,,,,2
,,,,,,,,6
,,,,,,,,5
,,,,,,,,39
,,,,,,,,EMP_SYN_0467
,,,,,,,,IT
,,,,,,,,8
,,,,,,,,8
,,,,,,,,2
,,,,,,,,10
,,,,,,,,2
,,,,,,,,4
,,,,,,,,EMP_SYN_0468
,,,,,,,,Operations
,,,,,,,,8
,,,,,,,,1
,,,,,,,,6
,,,,,,,,0
,,,,,,,,8
,,,,,,,,15
,,,,,,,,EMP_SYN_0469
,,,,,,,,HR
,,,,,,,,4
,,,,,,,,12
,,,,,,,,2
,,,,,,,,4
,,,,,,,,9
,,,,,,,,28
,,,,,,,,EMP_SYN_0470
,,,,,,,,Marketing
,,,,,,,,2
,,,,,,,,8
,,,,,,,,1
,,,,,,,,1
,,,,,,,,0
,,,,,,,,30
,,,,,,,,EMP_SYN_0471
,,,,,,,,IT
,,,,,,,,6
,,,,,,,,4
,,,,,,,,3
,,,,,,,,6
,,,,,,,,7
,,,,,,,,33
,,,,,,,,EMP_SYN_0472
,,,,,,,,Marketing
,,,,,,,,6
,,,,,,,,4
,,,,,,,,2
,,,,,,,,5
,,,,,,,,8
,,,,,,,,82
,,,,,,,,EMP_SYN_0473
,,,,,,,,IT
,,,,,,,,4
,,,,,,,,7
,,,,,,,,4
,,,,,,,,8
,,,,,,,,6
,,,,,,,,72
,,,,,,,,EMP_SYN_0474
,,,,,,,,Marketing
,,,,,,,,2
,,,,,,,,7
,,,,,,,,4
,,,,,,,,7
,,,,,,,,5
,,,,,,,,78
,,,,,,,,EMP_SYN_0475
,,,,,,,,Operations
,,,,,,,,8
,,,,,,,,12
,,,,,,,,12
,,,,,,,,8
,,,,,,,,4
,,,,,,,,65
,,,,,,,,EMP_SYN_0476
,,,,,,,,Finance
,,,,,,,,0
,,,,,,,,11
,,,,,,,,8
,,,,,,,,12
,,,,,,,,7
,,,,,,,,55
,,,,,,,,EMP_SYN_0477
,,,,,,,,Operations
,,,,,,,,9
,,,,,,,,10
,,,,,,,,4
,,,,,,,,5
,,,,,,,,8
,,,,,,,,1
,,,,,,,,EMP_SYN_0478
,,,,,,,,Finance
,,,,,,,,12
,,,,,,,,7
,,,,,,,,2
,,,,,,,,9
,,,,,,,,3
,,,,,,,,23
,,,,,,,,EMP_SYN_0479
,,,,,,,,Operations
,,,,,,,,10
,,,,,,,,2
,,,,,,,,6
,,,,,,,,1
,,,,,,,,9
,,,,,,,,6
,,,,,,,,EMP_SYN_0480
,,,,,,,,HR
,,,,,,,,7
,,,,,,,,6
,,,,,,,,3
,,,,,,,,10
,,,,,,,,3
,,,,,,,,97
,,,,,,,,EMP_SYN_0481
,,,,,,,,IT
,,,,,,,,7
,,,,,,,,9
,,,,,,,,3
,,,,,,,,3
,,,,,,,,7
,,,,,,,,40
,,,,,,,,EMP_SYN_0482
,,,,,,,,HR
,,,,,,,,2
,,,,,,,,11
,,,,,,,,7
,,,,,,,,10
,,,,,,,,6
,,,,,,,,64
,,,,,,,,EMP_SYN_0483
,,,,,,,,IT
,,,,,,,,8
,,,,,,,,0
,,,,,,,,5
,,,,,,,,0
,,,,,,,,6
,,,,,,,,41
,,,,,,,,EMP_SYN_0484
,,,,,,,,Finance
,,,,,,,,2
,,,,,,,,11
,,,,,,,,7
,,,,,,,,12
,,,,,,,,5
,,,,,,,,49
,,,,,,,,EMP_SYN_0485
,,,,,,,,Finance
,,,,,,,,9
,,,,,,,,8
,,,,,,,,10
,,,,,,,,3
,,,,,,,,7
,,,,,,,,35
,,,,,,,,EMP_SYN_0486
,,,,,,,,HR
,,,,,,,,7
,,,,,,,,1
,,,,,,,,5
,,,,,,,,5
,,,,,,,,9
,,,,,,,,45
,,,,,,,,EMP_SYN_0487
,,,,,,,,IT
,,,,,,,,4
,,,,,,,,2
,,,,,,,,6
,,,,,,,,4
,,,,,,,,5
,,,,,,,,42
,,,,,,,,EMP_SYN_0488
,,,,,,,,Operations
,,,,,,,,0
,,,,,,,,6
,,,,,,,,4
,,,,,,,,5
,,,,,,,,6
,,,,,,,,22
,,,,,,,,EMP_SYN_0489
,,,,,,,,Finance
,,,,,,,,1
,,,,,,,,0
,,,,,,,,7
,,,,,,,,5
,,,,,,,,8
,,,,,,,,45
,,,,,,,,EMP_SYN_0490
,,,,,,,,HR
,,,,,,,,7
,,,,,,,,6
,,,,,,,,7
,,,,,,,,2
,,,,,,,,3
,,,,,,,,17
,,,,,,,,EMP_SYN_0491
,,,,,,,,IT
,,,,,,,,10
,,,,,,,,8
,,,,,,,,8
,,,,,,,,5
,,,,,,,,7
,,,,,,,,68
,,,,,,,,EMP_SYN_0492
,,,,,,,,IT
,,,,,,,,6
,,,,,,,,4
,,,,,,,,0
,,,,,,,,3
,,,,,,,,2
,,,,,,,,12
,,,,,,,,EMP_SYN_0493
,,,,,,,,Operations
,,,,,,,,5
,,,,,,,,10
,,,,,,,,9
,,,,,,,,11
,,,,,,,,2
,,,,,,,,28
,,,,,,,,EMP_SYN_0494
,,,,,,,,HR
,,,,,,,,4
,,,,,,,,3
,,,,,,,,3
,,,,,,,,3
,,,,,,,,5
,,,,,,,,69
,,,,,,,,EMP_SYN_0495
,,,,,,,,Finance
,,,,,,,,6
,,,,,,,,7
,,,,,,,,9
,,,,,,,,7
,,,,,,,,8
,,,,,,,,40
,,,,,,,,EMP_SYN_0496
,,,,,,,,Marketing
,,,,,,,,11
,,,,,,,,8
,,,,,,,,10
,,,,,,,,4
,,,,,,,,9
,,,,,,,,34
,,,,,,,,EMP_SYN_0497
,,,,,,,,IT
,,,,,,,,2
,,,,,,,,5
,,,,,,,,4
,,,,,,,,4
,,,,,,,,3
,,,,,,,,81
,,,,,,,,EMP_SYN_0498
,,,,,,,,IT
,,,,,,,,8
,,,,,,,,8
,,,,,,,,1
,,,,,,,,3
,,,,,,,,8
,,,,,,,,40
,,,,,,,,EMP_SYN_0499
,,,,,,,,Finance
,,,,,,,,3
,,,,,,,,3
,,,,,,,,0
,,,,,,,,4
,,,,,,,,8
,,,,,,,,38
,,,,,,,,EMP_SYN_0500
,,,,,,,,IT
,,,,,,,,4
,,,,,,,,7
,,,,,,,,8
,,,,,,,,8
,,,,,,,,4
,,,,,,,,69
,,,,,,,,EMP_SYN_0501
,,,,,,,,IT
,,,,,,,,4
,,,,,,,,8
,,,,,,,,11
,,,,,,,,9
,,,,,,,,2
,,,,,,,,53
,,,,,,,,EMP_SYN_0502
,,,,,,,,Operations
,,,,,,,,5
,,,,,,,,8
,,,,,,,,11
,,,,,,,,1
,,,,,,,,0
,,,,,,,,5
,,,,,,,,EMP_SYN_0503
,,,,,,,,Marketing
,,,,,,,,9
,,,,,,,,10
,,,,,,,,6
,,,,,,,,4
,,,,,,,,7
,,,,,,,,99
,,,,,,,,EMP_SYN_0504
,,,,,,,,IT
,,,,,,,,4
,,,,,,,,5
,,,,,,,,7
,,,,,,,,8
,,,,,,,,8
,,,,,,,,63
,,,,,,,,EMP_SYN_0505
,,,,,,,,Marketing
,,,,,,,,0
,,,,,,,,8
,,,,,,,,1
,,,,,,,,7
,,,,,,,,10
,,,,,,,,76
,,,,,,,,EMP_SYN_0506
,,,,,,,,IT
,,,,,,,,8
,,,,,,,,2
,,,,,,,,3
,,,,,,,,10
,,,,,,,,2
,,,,,,,,1
,,,,,,,,EMP_SYN_0507
,,,,,,,,Marketing
,,,,,,,,9
,,,,,,,,10
,,,,,,,,7
,,,,,,,,3
,,,,,,,,5
,,,,,,,,95
,,,,,,,,EMP_SYN_0508
,,,,,,,,HR
,,,,,,,,7
,,,,,,,,3
,,,,,,,,1
,,,,,,,,12
,,,,,,,,8
,,,,,,,,14
,,,,,,,,EMP_SYN_0509
,,,,,,,,HR
,,,,,,,,6
,,,,,,,,0
,,,,,,,,11
,,,,,,,,4
,,,,,,,,8
,,,,,,,,53
,,,,,,,,EMP_SYN_0510
,,,,,,,,IT
,,,,,,,,4
,,,,,,,,6
,,,,,,,,10
,,,,,,,,4
,,,,,,,,2
,,,,,,,,53
,,,,,,,,EMP_SYN_0511
,,,,,,,,HR
,,,,,,,,6
,,,,,,,,4
,,,,,,,,12
,,,,,,,,2
,,,,,,,,8
,,,,,,,,48
,,,,,,,,EMP_SYN_0512
,,,,,,,,Operations
,,,,,,,,8
,,,,,,,,8
,,,,,,,,6
,,,,,,,,3
,,,,,,,,6
,,,,,,,,33
,,,,,,,,EMP_SYN_0513
,,,,,,,,Finance
,,,,,,,,6
,,,,,,,,4
,,,,,,,,2
,,,,,,,,1
,,,,,,,,3
,,,,,,,,35
,,,,,,,,EMP_SYN_0514
,,,,,,,,HR
,,,,,,,,2
,,,,,,,,4
,,,,,,,,8
,,,,,,,,3
,,,,,,,,10
,,,,,,,,49
,,,,,,,,EMP_SYN_0515
,,,,,,,,Finance
,,,,,,,,6
,,,,,,,,2
,,,,,,,,11
,,,,,,,,9
,,,,,,,,5
,,,,,,,,3
,,,,,,,,EMP_SYN_0516
,,,,,,,,Marketing
,,,,,,,,11
,,,,,,,,4
,,,,,,,,7
,,,,,,,,11
,,,,,,,,0
,,,,,,,,104
,,,,,,,,EMP_SYN_0517
,,,,,,,,IT
,,,,,,,,8
,,,,,,,,7
,,,,,,,,4
,,,,,,,,3
,,,,,,,,2
,,,,,,,,86
,,,,,,,,EMP_SYN_0518
,,,,,,,,Operations
,,,,,,,,12
,,,,,,,,9
,,,,,,,,7
,,,,,,,,5
,,,,,,,,12
,,,,,,,,88
,,,,,,,,EMP_SYN_0519
,,,,,,,,IT
,,,,,,,,8
,,,,,,,,0
,,,,,,,,6
,,,,,,,,8
,,,,,,,,6
,,,,,,,,65
,,,,,,,,EMP_SYN_0520
,,,,,,,,Operations
,,,,,,,,3
,,,,,,,,3
,,,,,,,,5
,,,,,,,,3
,,,,,,,,3
,,,,,,,,81
,,,,,,,,EMP_SYN_0521
,,,,,,,,HR
,,,,,,,,5
,,,,,,,,5
,,,,,,,,6
,,,,,,,,10
,,,,,,,,1
,,,,,,,,38
,,,,,,,,EMP_SYN_0522
,,,,,,,,IT
,,,,,,,,7
,,,,,,,,10
,,,,,,,,8
,,,,,,,,2
,,,,,,,,12
,,,,,,,,85
,,,,,,,,EMP_SYN_0523
,,,,,,,,Finance
,,,,,,,,1
,,,,,,,,1
,,,,,,,,4
,,,,,,,,5
,,,,,,,,6
,,,,,,,,51
,,,,,,,,EMP_SYN_0524
,,,,,,,,Finance
,,,,,,,,6
,,,,,,,,3
,,,,,,,,2
,,,,,,,,6
,,,,,,,,10
,,,,,,,,10
,,,,,,,,EMP_SYN_0525
,,,,,,,,Operations
,,,,,,,,6
,,,,,,,,7
,,,,,,,,10
,,,,,,,,10
,,,,,,,,6
,,,,,,,,36
,,,,,,,,EMP_SYN_0526
,,,,,,,,HR
,,,,,,,,7
,,,,,,,,10
,,,,,,,,1
,,,,,,,,7
,,,,,,,,1
,,,,,,,,55
,,,,,,,,EMP_SYN_0527
,,,,,,,,IT
,,,,,,,,7
,,,,,,,,4
,,,,,,,,7
,,,,,,,,3
,,,,,,,,2
,,,,,,,,55
,,,,,,,,EMP_SYN_0528
,,,,,,,,Marketing
,,,,,,,,2
,,,,,,,,7
,,,,,,,,3
,,,,,,,,9
,,,,,,,,1
,,,,,,,,51
,,,,,,,,EMP_SYN_0529
,,,,,,,,HR
,,,,,,,,8
,,,,,,,,4
,,,,,,,,6
,,,,,,,,0
,,,,,,,,5
,,,,,,,,16
,,,,,,,,EMP_SYN_0530
,,,,,,,,HR
,,,,,,,,6
,,,,,,,,1
,,,,,,,,1
,,,,,,,,9
,,,,,,,,8
,,,,,,,,8
,,,,,,,,EMP_SYN_0531
,,,,,,,,Operations
,,,,,,,,0
,,,,,,,,5
,,,,,,,,5
,,,,,,,,2
,,,,,,,,7
,,,,,,,,19
,,,,,,,,EMP_SYN_0532
,,,,,,,,IT
,,,,,,,,1
,,,,,,,,11
,,,,,,,,7
,,,,,,,,6
,,,,,,,,6
,,,,,,,,37
,,,,,,,,EMP_SYN_0533
,,,,,,,,IT
,,,,,,,,4
,,,,,,,,10
,,,,,,,,2
,,,,,,,,0
,,,,,,,,4
,,,,,,,,43
,,,,,,,,EMP_SYN_0534
,,,,,,,,HR
,,,,,,,,6
,,,,,,,,6
,,,,,,,,9
,,,,,,,,3
,,,,,,,,10
,,,,,,,,41
,,,,,,,,EMP_SYN_0535
,,,,,,,,Finance
,,,,,,,,1
,,,,,,,,7
,,,,,,,,4
,,,,,,,,5
,,,,,,,,9
,,,,,,,,98
,,,,,,,,EMP_SYN_0536
,,,,,,,,Marketing
,,,,,,,,9
,,,,,,,,4
,,,,,,,,5
,,,,,,,,11
,,,,,,,,1
,,,,,,,,64
,,,,,,,,EMP_SYN_0537
,,,,,,,,Finance
,,,,,,,,1
,,,,,,,,7
,,,,,,,,9
,,,,,,,,10
,,,,,,,,4
,,,,,,,,50
,,,,,,,,EMP_SYN_0538
,,,,,,,,Finance
,,,,,,,,5
,,,,,,,,5
,,,,,,,,10
,,,,,,,,3
,,,,,,,,5
,,,,,,,,22
,,,,,,,,EMP_SYN_0539
,,,,,,,,Operations
,,,,,,,,5
,,,,,,,,3
,,,,,,,,1
,,,,,,,,1
,,,,,,,,3
,,,,,,,,74
,,,,,,,,EMP_SYN_0540
,,,,,,,,Finance
,,,,,,,,4
,,,,,,,,2
,,,,,,,,8
,,,,,,,,2
,,,,,,,,11
,,,,,,,,80
,,,,,,,,EMP_SYN_0541
,,,,,,,,Finance
,,,,,,,,3
,,,,,,,,2
,,,,,,,,5
,,,,,,,,7
,,,,,,,,2
,,,,,,,,47
,,,,,,,,EMP_SYN_0542
,,,,,,,,Operations
,,,,,,,,4
,,,,,,,,0
,,,,,,,,9
,,,,,,,,8
,,,,,,,,5
,,,,,,,,46
,,,,,,,,EMP_SYN_0543
,,,,,,,,HR
,,,,,,,,4
,,,,,,,,10
,,,,,,,,5
,,,,,,,,2
,,,,,,,,6
,,,,,,,,35
,,,,,,,,EMP_SYN_0544
,,,,,,,,Finance
,,,,,,,,5
,,,,,,,,3
,,,,,,,,5
,,,,,,,,0
,,,,,,,,2
,,,,,,,,15
,,,,,,,,EMP_SYN_0545
,,,,,,,,Marketing
,,,,,,,,0
,,,,,,,,7
,,,,,,,,3
,,,,,,,,12
,,,,,,,,3
,,,,,,,,52
,,,,,,,,EMP_SYN_0546
,,,,,,,,Marketing
,,,,,,,,3
,,,,,,,,5
,,,,,,,,1
,,,,,,,,8
,,,,,,,,4
,,,,,,,,88
,,,,,,,,EMP_SYN_0547
,,,,,,,,Finance
,,,,,,,,5
,,,,,,,,10
,,,,,,,,7
,,,,,,,,3
,,,,,,,,4
,,,,,,,,13
,,,,,,,,EMP_SYN_0548
,,,,,,,,Finance
,,,,,,,,9
,,,,,,,,1
,,,,,,,,6
,,,,,,,,7
,,,,,,,,0
,,,,,,,,49
,,,,,,,,EMP_SYN_0549
,,,,,,,,Finance
,,,,,,,,0
,,,,,,,,1
,,,,,,,,8
,,,,,,,,5
,,,,,,,,7
,,,,,,,,50
,,,,,,,,EMP_SYN_0550
,,,,,,,,IT
,,,,,,,,4
,,,,,,,,10
,,,,,,,,10
,,,,,,,,6
,,,,,,,,3
,,,,,,,,50
,,,,,,,,EMP_SYN_0551
,,,,,,,,Finance
,,,,,,,,5
,,,,,,,,6
,,,,,,,,8
,,,,,,,,10
,,,,,,,,3
,,,,,,,,33
,,,,,,,,EMP_SYN_0552
,,,,,,,,IT
,,,,,,,,11
,,,,,,,,11
,,,,,,,,4
,,,,,,,,5
,,,,,,,,0
,,,,,,,,94
,,,,,,,,EMP_SYN_0553
,,,,,,,,HR
,,,,,,,,10
,,,,,,,,2
,,,,,,,,1
,,,,,,,,2
,,,,,,,,5
,,,,,,,,10
,,,,,,,,EMP_SYN_0554
,,,,,,,,Operations
,,,,,,,,10
,,,,,,,,3
,,,,,,,,7
,,,,,,,,8
,,,,,,,,4
,,,,,,,,71
,,,,,,,,EMP_SYN_0555
,,,,,,,,Finance
,,,,,,,,10
,,,,,,,,7
,,,,,,,,1
,,,,,,,,2
,,,,,,,,8
,,,,,,,,88
,,,,,,,,EMP_SYN_0556
,,,,,,,,Marketing
,,,,,,,,7
,,,,,,,,4
,,,,,,,,10
,,,,,,,,8
,,,,,,,,1
,,,,,,,,34
,,,,,,,,EMP_SYN_0557
,,,,,,,,Finance
,,,,,,,,1
,,,,,,,,8
,,,,,,,,11
,,,,,,,,10
,,,,,,,,2
,,,,,,,,50
,,,,,,,,EMP_SYN_0558
,,,,,,,,HR
,,,,,,,,10
,,,,,,,,9
,,,,,,,,7
,,,,,,,,8
,,,,,,,,10
,,,,,,,,37
,,,,,,,,EMP_SYN_0559
,,,,,,,,HR
,,,,,,,,8
,,,,,,,,5
,,,,,,,,6
,,,,,,,,1
,,,,,,,,7
,,,,,,,,39
,,,,,,,,EMP_SYN_0560
,,,,,,,,Marketing
,,,,,,,,0
,,,,,,,,11
,,,,,,,,6
,,,,,,,,5
,,,,,,,,10
,,,,,,,,51
,,,,,,,,EMP_SYN_0561
,,,,,,,,Marketing
,,,,,,,,2
,,,,,,,,6
,,,,,,,,3
,,,,,,,,6
,,,,,,,,7
,,,,,,,,15
,,,,,,,,EMP_SYN_0562
,,,,,,,,Marketing
,,,,,,,,0
,,,,,,,,0
,,,,,,,,7
,,,,,,,,2
,,,,,,,,5
,,,,,,,,65
,,,,,,,,EMP_SYN_0563
,,,,,,,,Finance
,,,,,,,,8
,,,,,,,,4
,,,,,,,,3
,,,,,,,,8
,,,,,,,,10
,,,,,,,,76
,,,,,,,,EMP_SYN_0564
,,,,,,,,Finance
,,,,,,,,2
,,,,,,,,7
,,,,,,,,2
,,,,,,,,8
,,,,,,,,5
,,,,,,,,38
,,,,,,,,EMP_SYN_0565
,,,,,,,,HR
,,,,,,,,0
,,,,,,,,11
,,,,,,,,5
,,,,,,,,8
,,,,,,,,0
,,,,,,,,24
,,,,,,,,EMP_SYN_0566
,,,,,,,,Operations
,,,,,,,,9
,,,,,,,,0
,,,,,,,,9
,,,,,,,,9
,,,,,,,,8
,,,,,,,,90
,,,,,,,,EMP_SYN_0567
,,,,,,,,Marketing
,,,,,,,,4
,,,,,,,,9
,,,,,,,,9
,,,,,,,,9
,,,,,,,,3
,,,,,,,,32
,,,,,,,,EMP_SYN_0568
,,,,,,,,HR
,,,,,,,,11
,,,,,,,,8
,,,,,,,,5
,,,,,,,,7
,,,,,,,,6
,,,,,,,,8
,,,,,,,,EMP_SYN_0569
,,,,,,,,Operations
,,,,,,,,3
,,,,,,,,0
,,,,,,,,2
,,,,,,,,6
,,,,,,,,8
,,,,,,,,53
,,,,,,,,EMP_SYN_0570
,,,,,,,,Operations
,,,,,,,,10
,,,,,,,,4
,,,,,,,,5
,,,,,,,,8
,,,,,,,,3
,,,,,,,,69
,,,,,,,,EMP_SYN_0571
,,,,,,,,Finance
,,,,,,,,6
,,,,,,,,4
,,,,,,,,5
,,,,,,,,3
,,,,,,,,10
,,,,,,,,25
,,,,,,,,EMP_SYN_0572
,,,,,,,,Marketing
,,,,,,,,7
,,,,,,,,7
,,,,,,,,6
,,,,,,,,7
,,,,,,,,5
,,,,,,,,101
,,,,,,,,EMP_SYN_0573
,,,,,,,,HR
,,,,,,,,7
,,,,,,,,8
,,,,,,,,5
,,,,,,,,9
,,,,,,,,5
,,,,,,,,94
,,,,,,,,EMP_SYN_0574
,,,,,,,,HR
,,,,,,,,2
,,,,,,,,3
,,,,,,,,5
,,,,,,,,5
,,,,,,,,7
,,,,,,,,43
,,,,,,,,EMP_SYN_0575
,,,,,,,,Finance
,,,,,,,,2
,,,,,,,,6
,,,,,,,,4
,,,,,,,,9
,,,,,,,,8
,,,,,,,,43
,,,,,,,,EMP_SYN_0576
,,,,,,,,Operations
,,,,,,,,1
,,,,,,,,5
,,,,,,,,6
,,,,,,,,5
,,,,,,,,8
,,,,,,,,20
,,,,,,,,EMP_SYN_0577
,,,,,,,,HR
,,,,,,,,5
,,,,,,,,8
,,,,,,,,2
,,,,,,,,4
,,,,,,,,1
,,,,,,,,52
,,,,,,,,EMP_SYN_0578
,,,,,,,,HR
,,,,,,,,3
,,,,,,,,4
,,,,,,,,5
,,,,,,,,0
,,,,,,,,3
,,,,,,,,41
,,,,,,,,EMP_SYN_0579
,,,,,,,,Finance
,,,,,,,,3
,,,,,,,,5
,,,,,,,,0
,,,,,,,,6
,,,,,,,,7
,,,,,,,,10
,,,,,,,,EMP_SYN_0580
,,,,,,,,IT
,,,,,,,,3
,,,,,,,,6
,,,,,,,,3
,,,,,,,,4
,,,,,,,,0
,,,,,,,,15
,,,,,,,,EMP_SYN_0581
,,,,,,,,Marketing
,,,,,,,,2
,,,,,,,,4
,,,,,,,,7
,,,,,,,,7
,,,,,,,,1
,,,,,,,,66
,,,,,,,,EMP_SYN_0582
,,,,,,,,IT
,,,,,,,,6
,,,,,,,,1
,,,,,,,,2
,,,,,,,,9
,,,,,,,,5
,,,,,,,,33
,,,,,,,,EMP_SYN_0583
,,,,,,,,Operations
,,,,,,,,10
,,,,,,,,3
,,,,,,,,6
,,,,,,,,2
,,,,,,,,6
,,,,,,,,8
,,,,,,,,EMP_SYN_0584
,,,,,,,,IT
,,,,,,,,6
,,,,,,,,8
,,,,,,,,10
,,,,,,,,6
,,,,,,,,7
,,,,,,,,68
,,,,,,,,EMP_SYN_0585
,,,,,,,,HR
,,,,,,,,3
,,,,,,,,10
,,,,,,,,4
,,,,,,,,10
,,,,,,,,0
,,,,,,,,22
,,,,,,,,EMP_SYN_0586
,,,,,,,,Operations
,,,,,,,,6
,,,,,,,,0
,,,,,,,,6
,,,,,,,,7
,,,,,,,,6
,,,,,,,,4
,,,,,,,,EMP_SYN_0587
,,,,,,,,HR
,,,,,,,,5
,,,,,,,,5
,,,,,,,,3
,,,,,,,,10
,,,,,,,,7
,,,,,,,,1
,,,,,,,,EMP_SYN_0588
,,,,,,,,Marketing
,,,,,,,,11
,,,,,,,,8
,,,,,,,,5
,,,,,,,,7
,,,,,,,,3
,,,,,,,,100
,,,,,,,,EMP_SYN_0589
,,,,,,,,Marketing
,,,,,,,,6
,,,,,,,,7
,,,,,,,,0
,,,,,,,,0
,,,,,,,,3
,,,,,,,,36
,,,,,,,,EMP_SYN_0590
,,,,,,,,Operations
,,,,,,,,3
,,,,,,,,10
,,,,,,,,4
,,,,,,,,4
,,,,,,,,10
,,,,,,,,86
,,,,,,,,EMP_SYN_0591
,,,,,,,,Marketing
,,,,,,,,3
,,,,,,,,9
,,,,,,,,7
,,,,,,,,6
,,,,,,,,8
,,,,,,,,53
,,,,,,,,EMP_SYN_0592
,,,,,,,,IT
,,,,,,,,5
,,,,,,,,8
,,,,,,,,10
,,,,,,,,3
,,,,,,,,2
,,,,,,,,51
,,,,,,,,EMP_SYN_0593
,,,,,,,,Operations
,,,,,,,,6
,,,,,,,,6
,,,,,,,,2
,,,,,,,,1
,,,,,,,,3
,,,,,,,,32
,,,,,,,,EMP_SYN_0594
,,,,,,,,Marketing
,,,,,,,,0
,,,,,,,,8
,,,,,,,,2
,,,,,,,,4
,,,,,,,,10
,,,,,,,,74
,,,,,,,,EMP_SYN_0595
,,,,,,,,IT
,,,,,,,,6
,,,,,,,,8
,,,,,,,,2
,,,,,,,,2
,,,,,,,,6
,,,,,,,,48
,,,,,,,,EMP_SYN_0596
,,,,,,,,IT
,,,,,,,,7
,,,,,,,,9
,,,,,,,,11
,,,,,,,,4
,,,,,,,,8
,,,,,,,,79
,,,,,,,,EMP_SYN_0597
,,,,,,,,HR
,,,,,,,,0
,,,,,,,,11
,,,,,,,,6
,,,,,,,,11
,,,,,,,,1
,,,,,,,,20
,,,,,,,,EMP_SYN_0598
,,,,,,,,Operations
,,,,,,,,2
,,,,,,,,0
,,,,,,,,1
,,,,,,,,0
,,,,,,,,7
,,,,,,,,32
,,,,,,,,EMP_SYN_0599
,,,,,,,,Operations
,,,,,,,,0
,,,,,,,,1
,,,,,,,,5
,,,,,,,,6
,,,,,,,,11
,,,,,,,,9
,,,,,,,,EMP_SYN_0600
,,,,,,,,Operations
,,,,,,,,6
,,,,,,,,6
,,,,,,,,7
,,,,,,,,6
,,,,,,,,6
,,,,,,,,69
,,,,,,,,EMP_SYN_0601
,,,,,,,,HR
,,,,,,,,2
,,,,,,,,4
,,,,,,,,10
,,,,,,,,6
,,,,,,,,5
,,,,,,,,87
,,,,,,,,EMP_SYN_0602
,,,,,,,,IT
,,,,,,,,6
,,,,,,,,10
,,,,,,,,8
,,,,,,,,4
,,,,,,,,8
,,,,,,,,85
,,,,,,,,EMP_SYN_0603
,,,,,,,,IT
,,,,,,,,8
,,,,,,,,4
,,,,,,,,3
,,,,,,,,8
,,,,,,,,8
,,,,,,,,28
,,,,,,,,EMP_SYN_0604
,,,,,,,,HR
,,,,,,,,6
,,,,,,,,4
,,,,,,,,5
,,,,,,,,1
,,,,,,,,7
,,,,,,,,42
,,,,,,,,EMP_SYN_0605
,,,,,,,,Operations
,,,,,,,,0
,,,,,,,,3
,,,,,,,,5
,,,,,,,,6
,,,,,,,,2
,,,,,,,,76
,,,,,,,,EMP_SYN_0606
,,,,,,,,IT
,,,,,,,,5
,,,,,,,,2
,,,,,,,,6
,,,,,,,,7
,,,,,,,,8
,,,,,,,,61
,,,,,,,,EMP_SYN_0607
,,,,,,,,Marketing
,,,,,,,,7
,,,,,,,,7
,,,,,,,,1
,,,,,,,,3
,,,,,,,,8
,,,,,,,,15
,,,,,,,,EMP_SYN_0608
,,,,,,,,HR
,,,,,,,,0
,,,,,,,,3
,,,,,,,,10
,,,,,,,,9
,,,,,,,,7
,,,,,,,,63
,,,,,,,,EMP_SYN_0609
,,,,,,,,Marketing
,,,,,,,,8
,,,,,,,,9
,,,,,,,,10
,,,,,,,,0
,,,,,,,,3
,,,,,,,,40
,,,,,,,,EMP_SYN_0610
,,,,,,,,Operations
,,,,,,,,7
,,,,,,,,8
,,,,,,,,8
,,,,,,,,2
,,,,,,,,0
,,,,,,,,0
,,,,,,,,EMP_SYN_0611
,,,,,,,,HR
,,,,,,,,8
,,,,,,,,7
,,,,,,,,9
,,,,,,,,3
,,,,,,,,10
,,,,,,,,19
,,,,,,,,EMP_SYN_0612
,,,,,,,,Finance
,,,,,,,,5
,,,,,,,,1
,,,,,,,,4
,,,,,,,,8
,,,,,,,,1
,,,,,,,,53
,,,,,,,,EMP_SYN_0613
,,,,,,,,IT
,,,,,,,,8
,,,,,,,,3
,,,,,,,,1
,,,,,,,,0
,,,,,,,,7
,,,,,,,,2
,,,,,,,,EMP_SYN_0614
,,,,,,,,Marketing
,,,,,,,,3
,,,,,,,,9
,,,,,,,,2
,,,,,,,,8
,,,,,,,,3
,,,,,,,,53
,,,,,,,,EMP_SYN_0615
,,,,,,,,Marketing
,,,,,,,,9
,,,,,,,,6
,,,,,,,,4
,,,,,,,,6
,,,,,,,,1
,,,,,,,,34
,,,,,,,,EMP_SYN_0616
,,,,,,,,IT
,,,,,,,,2
,,,,,,,,4
,,,,,,,,5
,,,,,,,,3
,,,,,,,,9
,,,,,,,,21
,,,,,,,,EMP_SYN_0617
,,,,,,,,HR
,,,,,,,,2
,,,,,,,,6
,,,,,,,,11
,,,,,,,,1
,,,,,,,,8
,,,,,,,,63
,,,,,,,,EMP_SYN_0618
,,,,,,,,HR
,,,,,,,,7
,,,,,,,,8
,,,,,,,,4
,,,,,,,,4
,,,,,,,,3
,,,,,,,,18
,,,,,,,,EMP_SYN_0619
,,,,,,,,HR
,,,,,,,,2
,,,,,,,,7
,,,,,,,,5
,,,,,,,,11
,,,,,,,,12
,,,,,,,,82
,,,,,,,,EMP_SYN_0620
,,,,,,,,IT
,,,,,,,,2
,,,,,,,,5
,,,,,,,,9
,,,,,,,,2
,,,,,,,,3
,,,,,,,,80
,,,,,,,,EMP_SYN_0621
,,,,,,,,Finance
,,,,,,,,6
,,,,,,,,8
,,,,,,,,9
,,,,,,,,5
,,,,,,,,7
,,,,,,,,35
,,,,,,,,EMP_SYN_0622
,,,,,,,,HR
,,,,,,,,7
,,,,,,,,1
,,,,,,,,5
,,,,,,,,3
,,,,,,,,4
,,,,,,,,77
,,,,,,,,EMP_SYN_0623
,,,,,,,,HR
,,,,,,,,4
,,,,,,,,3
,,,,,,,,6
,,,,,,,,10
,,,,,,,,10
,,,,,,,,77
,,,,,,,,EMP_SYN_0624
,,,,,,,,HR
,,,,,,,,6
,,,,,,,,5
,,,,,,,,7
,,,,,,,,6
,,,,,,,,3
,,,,,,,,59
,,,,,,,,EMP_SYN_0625
,,,,,,,,HR
,,,,,,,,6
,,,,,,,,2
,,,,,,,,8
,,,,,,,,1
,,,,,,,,2
,,,,,,,,42
,,,,,,,,EMP_SYN_0626
,,,,,,,,HR
,,,,,,,,7
,,,,,,,,11
,,,,,,,,6
,,,,,,,,9
,,,,,,,,10
,,,,,,,,38
,,,,,,,,EMP_SYN_0627
,,,,,,,,HR
,,,,,,,,2
,,,,,,,,4
,,,,,,,,7
,,,,,,,,4
,,,,,,,,5
,,,,,,,,41
,,,,,,,,EMP_SYN_0628
,,,,,,,,Finance
,,,,,,,,0
,,,,,,,,9
,,,,,,,,1
,,,,,,,,4
,,,,,,,,8
,,,,,,,,93
,,,,,,,,EMP_SYN_0629
,,,,,,,,IT
,,,,,,,,4
,,,,,,,,6
,,,,,,,,8
,,,,,,,,5
,,,,,,,,5
,,,,,,,,55
,,,,,,,,EMP_SYN_0630
,,,,,,,,Marketing
,,,,,,,,6
,,,,,,,,4
,,,,,,,,5
,,,,,,,,6
,,,,,,,,5
,,,,,,,,13
,,,,,,,,EMP_SYN_0631
,,,,,,,,IT
,,,,,,,,3
,,,,,,,,5
,,,,,,,,7
,,,,,,,,8
,,,,,,,,2
,,,,,,,,75
,,,,,,,,EMP_SYN_0632
,,,,,,,,HR
,,,,,,,,9
,,,,,,,,10
,,,,,,,,5
,,,,,,,,6
,,,,,,,,11
,,,,,,,,36
,,,,,,,,EMP_SYN_0633
,,,,,,,,Finance
,,,,,,,,7
,,,,,,,,11
,,,,,,,,5
,,,,,,,,6
,,,,,,,,0
,,,,,,,,17
,,,,,,,,EMP_SYN_0634
,,,,,,,,Finance
,,,,,,,,7
,,,,,,,,5
,,,,,,,,2
,,,,,,,,7
,,,,,,,,1
,,,,,,,,55
,,,,,,,,EMP_SYN_0635
,,,,,,,,Finance
,,,,,,,,3
,,,,,,,,6
,,,,,,,,1
,,,,,,,,7
,,,,,,,,5
,,,,,,,,25
,,,,,,,,EMP_SYN_0636
,,,,,,,,HR
,,,,,,,,6
,,,,,,,,7
,,,,,,,,2
,,,,,,,,9
,,,,,,,,7
,,,,,,,,6
,,,,,,,,EMP_SYN_0637
,,,,,,,,HR
,,,,,,,,3
,,,,,,,,9
,,,,,,,,8
,,,,,,,,7
,,,,,,,,1
,,,,,,,,58
,,,,,,,,EMP_SYN_0638
,,,,,,,,Finance
,,,,,,,,3
,,,,,,,,6
,,,,,,,,4
,,,,,,,,8
,,,,,,,,9
,,,,,,,,86
,,,,,,,,EMP_SYN_0639
,,,,,,,,Finance
,,,,,,,,2
,,,,,,,,2
,,,,,,,,7
,,,,,,,,2
,,,,,,,,6
,,,,,,,,31
,,,,,,,,EMP_SYN_0640
,,,,,,,,Finance
,,,,,,,,4
,,,,,,,,4
,,,,,,,,8
,,,,,,,,8
,,,,,,,,7
,,,,,,,,10
,,,,,,,,EMP_SYN_0641
,,,,,,,,HR
,,,,,,,,6
,,,,,,,,12
,,,,,,,,6
,,,,,,,,5
,,,,,,,,6
,,,,,,,,29
,,,,,,,,EMP_SYN_0642
,,,,,,,,Marketing
,,,,,,,,6
,,,,,,,,10
,,,,,,,,6
,,,,,,,,5
,,,,,,,,7
,,,,,,,,74
,,,,,,,,EMP_SYN_0643
,,,,,,,,HR
,,,,,,,,7
,,,,,,,,10
,,,,,,,,3
,,,,,,,,3
,,,,,,,,8
,,,,,,,,18
,,,,,,,,EMP_SYN_0644
,,,,,,,,IT
,,,,,,,,3
,,,,,,,,6
,,,,,,,,6
,,,,,,,,9
,,,,,,,,7
,,,,,,,,65
,,,,,,,,EMP_SYN_0645
,,,,,,,,HR
,,,,,,,,0
,,,,,,,,6
,,,,,,,,8
,,,,,,,,7
,,,,,,,,7
,,,,,,,,71
,,,,,,,,EMP_SYN_0646
,,,,,,,,Operations
,,,,,,,,6
,,,,,,,,6
,,,,,,,,9
,,,,,,,,8
,,,,,,,,5
,,,,,,,,70
,,,,,,,,EMP_SYN_0647
,,,,,,,,Marketing
,,,,,,,,8
,,,,,,,,10
,,,,,,,,12
,,,,,,,,6
,,,,,,,,0
,,,,,,,,76
,,,,,,,,EMP_SYN_0648
,,,,,,,,HR
,,,,,,,,6
,,,,,,,,4
,,,,,,,,8
,,,,,,,,3
,,,,,,,,5
,,,,,,,,60
,,,,,,,,EMP_SYN_0649
,,,,,,,,IT
,,,,,,,,10
,,,,,,,,6
,,,,,,,,8
,,,,,,,,6
,,,,,,,,7
,,,,,,,,62
,,,,,,,,EMP_SYN_0650
,,,,,,,,Marketing
,,,,,,,,4
,,,,,,,,5
,,,,,,,,6
,,,,,,,,7
,,,,,,,,7
,,,,,,,,16
,,,,,,,,EMP_SYN_0651
,,,,,,,,IT
,,,,,,,,3
,,,,,,,,3
,,,,,,,,6
,,,,,,,,6
,,,,,,,,6
,,,,,,,,58
,,,,,,,,EMP_SYN_0652
,,,,,,,,Finance
,,,,,,,,5
,,,,,,,,10
,,,,,,,,1
,,,,,,,,7
,,,,,,,,11
,,,,,,,,84
,,,,,,,,EMP_SYN_0653
,,,,,,,,Marketing
,,,,,,,,7
,,,,,,,,4
,,,,,,,,1
,,,,,,,,3
,,,,,,,,4
,,,,,,,,85
,,,,,,,,EMP_SYN_0654
,,,,,,,,Finance
,,,,,,,,2
,,,,,,,,1
,,,,,,,,6
,,,,,,,,3
,,,,,,,,7
,,,,,,,,33
,,,,,,,,EMP_SYN_0655
,,,,,,,,IT
,,,,,,,,5
,,,,,,,,0
,,,,,,,,7
,,,,,,,,5
,,,,,,,,8
,,,,,,,,7
,,,,,,,,EMP_SYN_0656
,,,,,,,,Operations
,,,,,,,,3
,,,,,,,,3
,,,,,,,,2
,,,,,,,,1
,,,,,,,,1
,,,,,,,,30
,,,,,,,,EMP_SYN_0657
,,,,,,,,HR
,,,,,,,,4
,,,,,,,,7
,,,,,,,,6
,,,,,,,,5
,,,,,,,,4
,,,,,,,,51
,,,,,,,,EMP_SYN_0658
,,,,,,,,Marketing
,,,,,,,,12
,,,,,,,,8
,,,,,,,,0
,,,,,,,,8
,,,,,,,,5
,,,,,,,,94
,,,,,,,,EMP_SYN_0659
,,,,,,,,IT
,,,,,,,,2
,,,,,,,,3
,,,,,,,,6
,,,,,,,,5
,,,,,,,,3
,,,,,,,,59
,,,,,,,,EMP_SYN_0660
,,,,,,,,IT
,,,,,,,,2
,,,,,,,,2
,,,,,,,,2
,,,,,,,,5
,,,,,,,,6
,,,,,,,,67
,,,,,,,,EMP_SYN_0661
,,,,,,,,Marketing
,,,,,,,,2
,,,,,,,,9
,,,,,,,,4
,,,,,,,,10
,,,,,,,,2
,,,,,,,,4
,,,,,,,,EMP_SYN_0662
,,,,,,,,HR
,,,,,,,,4
,,,,,,,,0
,,,,,,,,1
,,,,,,,,7
,,,,,,,,1
,,,,,,,,82
,,,,,,,,EMP_SYN_0663
,,,,,,,,HR
,,,,,,,,3
,,,,,,,,1
,,,,,,,,6
,,,,,,,,1
,,,,,,,,4
,,,,,,,,65
,,,,,,,,EMP_SYN_0664
,,,,,,,,Marketing
,,,,,,,,2
,,,,,,,,4
,,,,,,,,5
,,,,,,,,7
,,,,,,,,2
,,,,,,,,69
,,,,,,,,EMP_SYN_0665
,,,,,,,,HR
,,,,,,,,8
,,,,,,,,1
,,,,,,,,6
,,,,,,,,11
,,,,,,,,1
,,,,,,,,35
,,,,,,,,EMP_SYN_0666
,,,,,,,,Finance
,,,,,,,,6
,,,,,,,,1
,,,,,,,,8
,,,,,,,,10
,,,,,,,,7
,,,,,,,,3
,,,,,,,,EMP_SYN_0667
,,,,,,,,IT
,,,,,,,,10
,,,,,,,,8
,,,,,,,,7
,,,,,,,,8
,,,,,,,,7
,,,,,,,,64
,,,,,,,,EMP_SYN_0668
,,,,,,,,Finance
,,,,,,,,4
,,,,,,,,3
,,,,,,,,6
,,,,,,,,7
,,,,,,,,6
,,,,,,,,41
,,,,,,,,EMP_SYN_0669
,,,,,,,,Finance
,,,,,,,,5
,,,,,,,,5
,,,,,,,,5
,,,,,,,,2
,,,,,,,,10
,,,,,,,,30
,,,,,,,,EMP_SYN_0670
,,,,,,,,Finance
,,,,,,,,9
,,,,,,,,5
,,,,,,,,0
,,,,,,,,9
,,,,,,,,1
,,,,,,,,56
,,,,,,,,EMP_SYN_0671
,,,,,,,,Finance
,,,,,,,,5
,,,,,,,,3
,,,,,,,,3
,,,,,,,,0
,,,,,,,,8
,,,,,,,,35
,,,,,,,,EMP_SYN_0672
,,,,,,,,IT
,,,,,,,,4
,,,,,,,,10
,,,,,,,,11
,,,,,,,,6
,,,,,,,,8
,,,,,,,,83
,,,,,,,,EMP_SYN_0673
,,,,,,,,HR
,,,,,,,,6
,,,,,,,,9
,,,,,,,,8
,,,,,,,,7
,,,,,,,,2
,,,,,,,,60
,,,,,,,,EMP_SYN_0674
,,,,,,,,HR
,,,,,,,,6
,,,,,,,,12
,,,,,,,,0
,,,,,,,,3
,,,,,,,,4
,,,,,,,,23
,,,,,,,,EMP_SYN_0675
,,,,,,,,Marketing
,,,,,,,,2
,,,,,,,,10
,,,,,,,,5
,,,,,,,,9
,,,,,,,,3
,,,,,,,,2
,,,,,,,,EMP_SYN_0676
,,,,,,,,HR
,,,,,,,,8
,,,,,,,,6
,,,,,,,,7
,,,,,,,,1
,,,,,,,,9
,,,,,,,,36
,,,,,,,,EMP_SYN_0677
,,,,,,,,HR
,,,,,,,,11
,,,,,,,,11
,,,,,,,,4
,,,,,,,,5
,,,,,,,,7
,,,,,,,,9
,,,,,,,,EMP_SYN_0678
,,,,,,,,Finance
,,,,,,,,3
,,,,,,,,3
,,,,,,,,8
,,,,,,,,4
,,,,,,,,4
,,,,,,,,44
,,,,,,,,EMP_SYN_0679
,,,,,,,,Finance
,,,,,,,,11
,,,,,,,,5
,,,,,,,,4
,,,,,,,,7
,,,,,,,,3
,,,,,,,,25
,,,,,,,,EMP_SYN_0680
,,,,,,,,Finance
,,,,,,,,9
,,,,,,,,9
,,,,,,,,0
,,,,,,,,3
,,,,,,,,9
,,,,,,,,68
,,,,,,,,EMP_SYN_0681
,,,,,,,,Operations
,,,,,,,,0
,,,,,,,,8
,,,,,,,,2
,,,,,,,,4
,,,,,,,,4
,,,,,,,,9
,,,,,,,,EMP_SYN_0682
,,,,,,,,HR
,,,,,,,,3
,,,,,,,,8
,,,,,,,,9
,,,,,,,,1
,,,,,,,,7
,,,,,,,,89
,,,,,,,,EMP_SYN_0683
,,,,,,,,Finance
,,,,,,,,2
,,,,,,,,0
,,,,,,,,3
,,,,,,,,9
,,,,,,,,7
,,,,,,,,60
,,,,,,,,EMP_SYN_0684
,,,,,,,,Marketing
,,,,,,,,3
,,,,,,,,6
,,,,,,,,10
,,,,,,,,4
,,,,,,,,3
,,,,,,,,10
,,,,,,,,EMP_SYN_0685
,,,,,,,,HR
,,,,,,,,0
,,,,,,,,4
,,,,,,,,10
,,,,,,,,7
,,,,,,,,8
,,,,,,,,62
,,,,,,,,EMP_SYN_0686
,,,,,,,,Finance
,,,,,,,,5
,,,,,,,,1
,,,,,,,,7
,,,,,,,,6
,,,,,,,,1
,,,,,,,,22
,,,,,,,,EMP_SYN_0687
,,,,,,,,Operations
,,,,,,,,3
,,,,,,,,3
,,,,,,,,3
,,,,,,,,2
,,,,,,,,5
,,,,,,,,24
,,,,,,,,EMP_SYN_0688
,,,,,,,,IT
,,,,,,,,3
,,,,,,,,4
,,,,,,,,4
,,,,,,,,5
,,,,,,,,3
,,,,,,,,13
,,,,,,,,EMP_SYN_0689
,,,,,,,,HR
,,,,,,,,7
,,,,,,,,3
,,,,,,,,9
,,,,,,,,4
,,,,,,,,10
,,,,,,,,50
,,,,,,,,EMP_SYN_0690
,,,,,,,,Finance
,,,,,,,,5
,,,,,,,,10
,,,,,,,,8
,,,,,,,,11
,,,,,,,,5
,,,,,,,,50
,,,,,,,,EMP_SYN_0691
,,,,,,,,IT
,,,,,,,,4
,,,,,,,,8
,,,,,,,,5
,,,,,,,,9
,,,,,,,,1
,,,,,,,,80
,,,,,,,,EMP_SYN_0692
,,,,,,,,Marketing
,,,,,,,,10
,,,,,,,,8
,,,,,,,,6
,,,,,,,,7
,,,,,,,,9
,,,,,,,,82
,,,,,,,,EMP_SYN_0693
,,,,,,,,Marketing
,,,,,,,,5
,,,,,,,,9
,,,,,,,,8
,,,,,,,,1
,,,,,,,,7
,,,,,,,,45
,,,,,,,,EMP_SYN_0694
,,,,,,,,HR
,,,,,,,,11
,,,,,,,,7
,,,,,,,,0
,,,,,,,,8
,,,,,,,,1
,,,,,,,,65
,,,,,,,,EMP_SYN_0695
,,,,,,,,Finance
,,,,,,,,10
,,,,,,,,9
,,,,,,,,4
,,,,,,,,2
,,,,,,,,5
,,,,,,,,46
,,,,,,,,EMP_SYN_0696
,,,,,,,,Marketing
,,,,,,,,6
,,,,,,,,1
,,,,,,,,6
,,,,,,,,10
,,,,,,,,0
,,,,,,,,43
,,,,,,,,EMP_SYN_0697
,,,,,,,,Finance
,,,,,,,,4
,,,,,,,,7
,,,,,,,,5
,,,,,,,,1
,,,,,,,,3
,,,,,,,,97
,,,,,,,,EMP_SYN_0698
,,,,,,,,Finance
,,,,,,,,10
,,,,,,,,7
,,,,,,,,5
,,,,,,,,0
,,,,,,,,3
,,,,,,,,73
,,,,,,,,EMP_SYN_0699
,,,,,,,,IT
,,,,,,,,6
,,,,,,,,8
,,,,,,,,8
,,,,,,,,10
,,,,,,,,6
,,,,,,,,59
,,,,,,,,EMP_SYN_0700
,,,,,,,,IT
,,,,,,,,8
,,,,,,,,2
,,,,,,,,5
,,,,,,,,6
,,,,,,,,4
,,,,,,,,38
,,,,,,,,EMP_SYN_0701
,,,,,,,,Finance
,,,,,,,,6
,,,,,,,,0
,,,,,,,,3
,,,,,,,,9
,,,,,,,,3
,,,,,,,,58
,,,,,,,,EMP_SYN_0702
,,,,,,,,Finance
,,,,,,,,11
,,,,,,,,10
,,,,,,,,4
,,,,,,,,0
,,,,,,,,2
,,,,,,,,44
,,,,,,,,EMP_SYN_0703
,,,,,,,,Marketing
,,,,,,,,4
,,,,,,,,10
,,,,,,,,0
,,,,,,,,6
,,,,,,,,4
,,,,,,,,7
,,,,,,,,EMP_SYN_0704
,,,,,,,,Finance
,,,,,,,,7
,,,,,,,,2
,,,,,,,,6
,,,,,,,,3
,,,,,,,,2
,,,,,,,,35
,,,,,,,,EMP_SYN_0705
,,,,,,,,Operations
,,,,,,,,7
,,,,,,,,7
,,,,,,,,4
,,,,,,,,3
,,,,,,,,3
,,,,,,,,26
,,,,,,,,EMP_SYN_0706
,,,,,,,,Finance
,,,,,,,,6
,,,,,,,,4
,,,,,,,,4
,,,,,,,,10
,,,,,,,,9
,,,,,,,,34
,,,,,,,,EMP_SYN_0707
,,,,,,,,Finance
,,,,,,,,8
,,,,,,,,4
,,,,,,,,2
,,,,,,,,7
,,,,,,,,3
,,,,,,,,23
,,,,,,,,EMP_SYN_0708
,,,,,,,,IT
,,,,,,,,7
,,,,,,,,9
,,,,,,,,11
,,,,,,,,4
,,,,,,,,8
,,,,,,,,82
,,,,,,,,EMP_SYN_0709
,,,,,,,,IT
,,,,,,,,4
,,,,,,,,3
,,,,,,,,8
,,,,,,,,3
,,,,,,,,4
,,,,,,,,87
,,,,,,,,EMP_SYN_0710
,,,,,,,,IT
,,,,,,,,7
,,,,,,,,7
,,,,,,,,4
,,,,,,,,3
,,,,,,,,4
,,,,,,,,56
,,,,,,,,EMP_SYN_0711
,,,,,,,,Finance
,,,,,,,,3
,,,,,,,,5
,,,,,,,,2
,,,,,,,,3
,,,,,,,,7
,,,,,,,,7
,,,,,,,,EMP_SYN_0712
,,,,,,,,HR
,,,,,,,,12
,,,,,,,,4
,,,,,,,,4
,,,,,,,,0
,,,,,,,,8
,,,,,,,,65
,,,,,,,,EMP_SYN_0713
,,,,,,,,Finance
,,,,,,,,7
,,,,,,,,4
,,,,,,,,3
,,,,,,,,6
,,,,,,,,10
,,,,,,,,37
,,,,,,,,EMP_SYN_0714
,,,,,,,,IT
,,,,,,,,3
,,,,,,,,4
,,,,,,,,4
,,,,,,,,9
,,,,,,,,8
,,,,,,,,58
,,,,,,,,EMP_SYN_0715
,,,,,,,,Finance
,,,,,,,,2
,,,,,,,,7
,,,,,,,,4
,,,,,,,,8
,,,,,,,,8
,,,,,,,,7
,,,,,,,,EMP_SYN_0716
,,,,,,,,IT
,,,,,,,,2
,,,,,,,,6
,,,,,,,,6
,,,,,,,,6
,,,,,,,,0
,,,,,,,,73
,,,,,,,,EMP_SYN_0717
,,,,,,,,Finance
,,,,,,,,11
,,,,,,,,8
,,,,,,,,5
,,,,,,,,0
,,,,,,,,7
,,,,,,,,75
,,,,,,,,EMP_SYN_0718
,,,,,,,,Finance
,,,,,,,,12
,,,,,,,,4
,,,,,,,,4
,,,,,,,,8
,,,,,,,,7
,,,,,,,,25
,,,,,,,,EMP_SYN_0719
,,,,,,,,HR
,,,,,,,,3
,,,,,,,,11
,,,,,,,,6
,,,,,,,,9
,,,,,,,,7
,,,,,,,,64
,,,,,,,,EMP_SYN_0720
,,,,,,,,Finance
,,,,,,,,6
,,,,,,,,4
,,,,,,,,8
,,,,,,,,12
,,,,,,,,5
,,,,,,,,10
,,,,,,,,EMP_SYN_0721
,,,,,,,,Marketing
,,,,,,,,7
,,,,,,,,7
,,,,,,,,7
,,,,,,,,10
,,,,,,,,0
,,,,,,,,100
,,,,,,,,EMP_SYN_0722
,,,,,,,,Finance
,,,,,,,,5
,,,,,,,,1
,,,,,,,,9
,,,,,,,,3
,,,,,,,,4
,,,,,,,,11
,,,,,,,,EMP_SYN_0723
,,,,,,,,IT
,,,,,,,,7
,,,,,,,,5
,,,,,,,,4
,,,,,,,,0
,,,,,,,,5
,,,,,,,,6
,,,,,,,,EMP_SYN_0724
,,,,,,,,HR
,,,,,,,,8
,,,,,,,,1
,,,,,,,,2
,,,,,,,,9
,,,,,,,,7
,,,,,,,,90
,,,,,,,,EMP_SYN_0725
,,,,,,,,IT
,,,,,,,,8
,,,,,,,,4
,,,,,,,,2
,,,,,,,,8
,,,,,,,,7
,,,,,,,,33
,,,,,,,,EMP_SYN_0726
,,,,,,,,IT
,,,,,,,,3
,,,,,,,,2
,,,,,,,,8
,,,,,,,,5
,,,,,,,,5
,,,,,,,,61
,,,,,,,,EMP_SYN_0727
,,,,,,,,Marketing
,,,,,,,,3
,,,,,,,,5
,,,,,,,,4
,,,,,,,,9
,,,,,,,,4
,,,,,,,,58
,,,,,,,,EMP_SYN_0728
,,,,,,,,IT
,,,,,,,,6
,,,,,,,,1
,,,,,,,,0
,,,,,,,,4
,,,,,,,,4
,,,,,,,,12
,,,,,,,,EMP_SYN_0729
,,,,,,,,Marketing
,,,,,,,,1
,,,,,,,,5
,,,,,,,,3
,,,,,,,,8
,,,,,,,,2
,,,,,,,,57
,,,,,,,,EMP_SYN_0730
,,,,,,,,Marketing
,,,,,,,,8
,,,,,,,,6
,,,,,,,,2
,,,,,,,,9
,,,,,,,,4
,,,,,,,,96
,,,,,,,,EMP_SYN_0731
,,,,,,,,Finance
,,,,,,,,8
,,,,,,,,4
,,,,,,,,2
,,,,,,,,10
,,,,,,,,8
,,,,,,,,75
,,,,,,,,EMP_SYN_0732
,,,,,,,,HR
,,,,,,,,1
,,,,,,,,3
,,,,,,,,1
,,,,,,,,2
,,,,,,,,5
,,,,,,,,91
,,,,,,,,EMP_SYN_0733
,,,,,,,,HR
,,,,,,,,4
,,,,,,,,4
,,,,,,,,8
,,,,,,,,1
,,,,,,,,0
,,,,,,,,44
,,,,,,,,EMP_SYN_0734
,,,,,,,,IT
,,,,,,,,11
,,,,,,,,4
,,,,,,,,7
,,,,,,,,6
,,,,,,,,0
,,,,,,,,59
,,,,,,,,EMP_SYN_0735
,,,,,,,,Finance
,,,,,,,,2
,,,,,,,,7
,,,,,,,,1
,,,,,,,,3
,,,,,,,,8
,,,,,,,,75
,,,,,,,,EMP_SYN_0736
,,,,,,,,IT
,,,,,,,,7
,,,,,,,,0
,,,,,,,,3
,,,,,,,,7
,,,,,,,,5
,,,,,,,,4
,,,,,,,,EMP_SYN_0737
,,,,,,,,HR
,,,,,,,,5
,,,,,,,,2
,,,,,,,,5
,,,,,,,,0
,,,,,,,,1
,,,,,,,,37
,,,,,,,,EMP_SYN_0738
,,,,,,,,IT
,,,,,,,,0
,,,,,,,,6
,,,,,,,,3
,,,,,,,,4
,,,,,,,,6
,,,,,,,,81
,,,,,,,,EMP_SYN_0739
,,,,,,,,Finance
,,,,,,,,9
,,,,,,,,10
,,,,,,,,10
,,,,,,,,3
,,,,,,,,5
,,,,,,,,32
,,,,,,,,EMP_SYN_0740
,,,,,,,,Marketing
,,,,,,,,9
,,,,,,,,3
,,,,,,,,7
,,,,,,,,7
,,,,,,,,0
,,,,,,,,62
,,,,,,,,EMP_SYN_0741
,,,,,,,,Finance
,,,,,,,,8
,,,,,,,,10
,,,,,,,,8
,,,,,,,,0
,,,,,,,,4
,,,,,,,,69
,,,,,,,,EMP_SYN_0742
,,,,,,,,Marketing
,,,,,,,,4
,,,,,,,,11
,,,,,,,,4
,,,,,,,,10
,,,,,,,,7
,,,,,,,,67
,,,,,,,,EMP_SYN_0743
,,,,,,,,Operations
,,,,,,,,2
,,,,,,,,7
,,,,,,,,6
,,,,,,,,3
,,,,,,,,5
,,,,,,,,15
,,,,,,,,EMP_SYN_0744
,,,,,,,,IT
,,,,,,,,9
,,,,,,,,7
,,,,,,,,7
,,,,,,,,3
,,,,,,,,3
,,,,,,,,72
,,,,,,,,EMP_SYN_0745
,,,,,,,,Operations
,,,,,,,,10
,,,,,,,,5
,,,,,,,,8
,,,,,,,,5
,,,,,,,,2
,,,,,,,,74
,,,,,,,,EMP_SYN_0746
,,,,,,,,Finance
,,,,,,,,5
,,,,,,,,5
,,,,,,,,8
,,,,,,,,2
,,,,,,,,5
,,,,,,,,19
,,,,,,,,EMP_SYN_0747
,,,,,,,,Marketing
,,,,,,,,6
,,,,,,,,7
,,,,,,,,3
,,,,,,,,8
,,,,,,,,6
,,,,,,,,63
,,,,,,,,EMP_SYN_0748
,,,,,,,,Finance
,,,,,,,,4
,,,,,,,,4
,,,,,,,,4
,,,,,,,,3
,,,,,,,,1
,,,,,,,,105
,,,,,,,,EMP_SYN_0749
,,,,,,,,HR
,,,,,,,,8
,,,,,,,,5
,,,,,,,,4
,,,,,,,,7
,,,,,,,,4
,,,,,,,,54
,,,,,,,,EMP_SYN_0750
,,,,,,,,Marketing
,,,,,,,,0
,,,,,,,,10
,,,,,,,,0
,,,,,,,,5
,,,,,,,,7
,,,,,,,,73
,,,,,,,,EMP_SYN_0751
,,,,,,,,Finance
,,,,,,,,11
,,,,,,,,11
,,,,,,,,4
,,,,,,,,0
,,,,,,,,3
,,,,,,,,75
,,,,,,,,EMP_SYN_0752
,,,,,,,,Finance
,,,,,,,,6
,,,,,,,,2
,,,,,,,,5
,,,,,,,,6
,,,,,,,,2
,,,,,,,,34
,,,,,,,,EMP_SYN_0753
,,,,,,,,Finance
,,,,,,,,8
,,,,,,,,1
,,,,,,,,5
,,,,,,,,6
,,,,,,,,6
,,,,,,,,79
,,,,,,,,EMP_SYN_0754
,,,,,,,,Finance
,,,,,,,,5
,,,,,,,,4
,,,,,,,,2
,,,,,,,,7
,,,,,,,,3
,,,,,,,,56
,,,,,,,,EMP_SYN_0755
,,,,,,,,IT
,,,,,,,,8
,,,,,,,,2
,,,,,,,,4
,,,,,,,,7
,,,,,,,,6
,,,,,,,,1
,,,,,,,,EMP_SYN_0756
,,,,,,,,IT
,,,,,,,,10
,,,,,,,,7
,,,,,,,,7
,,,,,,,,6
,,,,,,,,10
,,,,,,,,66
,,,,,,,,EMP_SYN_0757
,,,,,,,,Finance
,,,,,,,,4
,,,,,,,,7
,,,,,,,,11
,,,,,,,,12
,,,,,,,,4
,,,,,,,,46
,,,,,,,,EMP_SYN_0758
,,,,,,,,Marketing
,,,,,,,,6
,,,,,,,,8
,,,,,,,,1
,,,,,,,,4
,,,,,,,,10
,,,,,,,,14
,,,,,,,,EMP_SYN_0759
,,,,,,,,Marketing
,,,,,,,,6
,,,,,,,,9
,,,,,,,,8
,,,,,,,,3
,,,,,,,,4
,,,,,,,,47
,,,,,,,,EMP_SYN_0760
,,,,,,,,Finance
,,,,,,,,4
,,,,,,,,6
,,,,,,,,0
,,,,,,,,6
,,,,,,,,8
,,,,,,,,15
,,,,,,,,EMP_SYN_0761
,,,,,,,,HR
,,,,,,,,1
,,,,,,,,4
,,,,,,,,6
,,,,,,,,11
,,,,,,,,12
,,,,,,,,79
,,,,,,,,EMP_SYN_0762
,,,,,,,,HR
,,,,,,,,8
,,,,,,,,6
,,,,,,,,7
,,,,,,,,9
,,,,,,,,5
,,,,,,,,47
,,,,,,,,EMP_SYN_0763
,,,,,,,,HR
,,,,,,,,7
,,,,,,,,6
,,,,,,,,5
,,,,,,,,8
,,,,,,,,4
,,,,,,,,52
,,,,,,,,EMP_SYN_0764
,,,,,,,,IT
,,,,,,,,9
,,,,,,,,6
,,,,,,,,2
,,,,,,,,1
,,,,,,,,7
,,,,,,,,14
,,,,,,,,EMP_SYN_0765
,,,,,,,,IT
,,,,,,,,0
,,,,,,,,7
,,,,,,,,5
,,,,,,,,7
,,,,,,,,6
,,,,,,,,82
,,,,,,,,EMP_SYN_0766
,,,,,,,,Finance
,,,,,,,,6
,,,,,,,,4
,,,,,,,,7
,,,,,,,,1
,,,,,,,,4
,,,,,,,,97
,,,,,,,,EMP_SYN_0767
,,,,,,,,HR
,,,,,,,,4
,,,,,,,,3
,,,,,,,,5
,,,,,,,,2
,,,,,,,,0
,,,,,,,,40
,,,,,,,,EMP_SYN_0768
,,,,,,,,IT
,,,,,,,,4
,,,,,,,,5
,,,,,,,,3
,,,,,,,,1
,,,,,,,,5
,,,,,,,,0
,,,,,,,,EMP_SYN_0769
,,,,,,,,Operations
,,,,,,,,3
,,,,,,,,9
,,,,,,,,1
,,,,,,,,4
,,,,,,,,10
,,,,,,,,81
,,,,,,,,EMP_SYN_0770
,,,,,,,,IT
,,,,,,,,5
,,,,,,,,0
,,,,,,,,7
,,,,,,,,4
,,,,,,,,2
,,,,,,,,35
,,,,,,,,EMP_SYN_0771
,,,,,,,,Finance
,,,,,,,,6
,,,,,,,,10
,,,,,,,,4
,,,,,,,,6
,,,,,,,,6
,,,,,,,,84
,,,,,,,,EMP_SYN_0772
,,,,,,,,Operations
,,,,,,,,11
,,,,,,,,2
,,,,,,,,6
,,,,,,,,5
,,,,,,,,9
,,,,,,,,89
,,,,,,,,EMP_SYN_0773
,,,,,,,,Operations
,,,,,,,,5
,,,,,,,,5
,,,,,,,,9
,,,,,,,,7
,,,,,,,,3
,,,,,,,,43
,,,,,,,,EMP_SYN_0774
,,,,,,,,IT
,,,,,,,,7
,,,,,,,,2
,,,,,,,,4
,,,,,,,,5
,,,,,,,,9
,,,,,,,,7
,,,,,,,,EMP_SYN_0775
,,,,,,,,IT
,,,,,,,,4
,,,,,,,,8
,,,,,,,,1
,,,,,,,,1
,,,,,,,,2
,,,,,,,,17
,,,,,,,,EMP_SYN_0776
,,,,,,,,Finance
,,,,,,,,2
,,,,,,,,2
,,,,,,,,4
,,,,,,,,2
,,,,,,,,8
,,,,,,,,34
,,,,,,,,EMP_SYN_0777
,,,,,,,,HR
,,,,,,,,3
,,,,,,,,9
,,,,,,,,5
,,,,,,,,2
,,,,,,,,6
,,,,,,,,36
,,,,,,,,EMP_SYN_0778
,,,,,,,,Marketing
,,,,,,,,5
,,,,,,,,12
,,,,,,,,8
,,,,,,,,9
,,,,,,,,3
,,,,,,,,77
,,,,,,,,EMP_SYN_0779
,,,,,,,,Finance
,,,,,,,,5
,,,,,,,,2
,,,,,,,,0
,,,,,,,,6
,,,,,,,,9
,,,,,,,,7
,,,,,,,,EMP_SYN_0780
,,,,,,,,Operations
,,,,,,,,11
,,,,,,,,3
,,,,,,,,8
,,,,,,,,2
,,,,,,,,8
,,,,,,,,8
,,,,,,,,EMP_SYN_0781
,,,,,,,,IT
,,,,,,,,7
,,,,,,,,0
,,,,,,,,4
,,,,,,,,0
,,,,,,,,4
,,,,,,,,35
,,,,,,,,EMP_SYN_0782
,,,,,,,,Finance
,,,,,,,,10
,,,,,,,,6
,,,,,,,,6
,,,,,,,,2
,,,,,,,,2
,,,,,,,,42
,,,,,,,,EMP_SYN_0783
,,,,,,,,IT
,,,,,,,,2
,,,,,,,,1
,,,,,,,,6
,,,,,,,,5
,,,,,,,,1
,,,,,,,,56
,,,,,,,,EMP_SYN_0784
,,,,,,,,Finance
,,,,,,,,6
,,,,,,,,3
,,,,,,,,0
,,,,,,,,4
,,,,,,,,12
,,,,,,,,35
,,,,,,,,EMP_SYN_0785
,,,,,,,,Marketing
,,,,,,,,4
,,,,,,,,1
,,,,,,,,6
,,,,,,,,10
,,,,,,,,2
,,,,,,,,72
,,,,,,,,EMP_SYN_0786
,,,,,,,,Marketing
,,,,,,,,10
,,,,,,,,8
,,,,,,,,6
,,,,,,,,8
,,,,,,,,2
,,,,,,,,84
,,,,,,,,EMP_SYN_0787
,,,,,,,,Operations
,,,,,,,,1
,,,,,,,,4
,,,,,,,,6
,,,,,,,,2
,,,,,,,,5
,,,,,,,,23
,,,,,,,,EMP_SYN_0788
,,,,,,,,Marketing
,,,,,,,,2
,,,,,,,,5
,,,,,,,,9
,,,,,,,,7
,,,,,,,,1
,,,,,,,,0
,,,,,,,,EMP_SYN_0789
,,,,,,,,HR
,,,,,,,,1
,,,,,,,,6
,,,,,,,,5
,,,,,,,,9
,,,,,,,,7
,,,,,,,,67
,,,,,,,,EMP_SYN_0790
,,,,,,,,HR
,,,,,,,,4
,,,,,,,,2
,,,,,,,,7
,,,,,,,,4
,,,,,,,,3
,,,,,,,,44
,,,,,,,,EMP_SYN_0791
,,,,,,,,Finance
,,,,,,,,11
,,,,,,,,9
,,,,,,,,4
,,,,,,,,0
,,,,,,,,6
,,,,,,,,39
,,,,,,,,EMP_SYN_0792
,,,,,,,,HR
,,,,,,,,10
,,,,,,,,5
,,,,,,,,0
,,,,,,,,7
,,,,,,,,10
,,,,,,,,27
,,,,,,,,EMP_SYN_0793
,,,,,,,,Marketing
,,,,,,,,2
,,,,,,,,3
,,,,,,,,8
,,,,,,,,10
,,,,,,,,2
,,,,,,,,70
,,,,,,,,EMP_SYN_0794
,,,,,,,,Finance
,,,,,,,,10
,,,,,,,,8
,,,,,,,,6
,,,,,,,,2
,,,,,,,,3
,,,,,,,,39
,,,,,,,,EMP_SYN_0795
,,,,,,,,IT
,,,,,,,,4
,,,,,,,,3
,,,,,,,,5
,,,,,,,,7
,,,,,,,,5
,,,,,,,,61
,,,,,,,,EMP_SYN_0796
,,,,,,,,Operations
,,,,,,,,6
,,,,,,,,3
,,,,,,,,6
,,,,,,,,9
,,,,,,,,3
,,,,,,,,49
,,,,,,,,EMP_SYN_0797
,,,,,,,,Finance
,,,,,,,,8
,,,,,,,,12
,,,,,,,,9
,,,,,,,,4
,,,,,,,,6
,,,,,,,,86
,,,,,,,,EMP_SYN_0798
,,,,,,,,Finance
,,,,,,,,9
,,,,,,,,3
,,,,,,,,5
,,,,,,,,7
,,,,,,,,2
,,,,,,,,20
,,,,,,,,EMP_SYN_0799
,,,,,,,,IT
,,,,,,,,7
,,,,,,,,3
,,,,,,,,6
,,,,,,,,1
,,,,,,,,4
,,,,,,,,7
,,,,,,,,EMP_SYN_0800
,,,,,,,,Finance
,,,,,,,,8
,,,,,,,,6
,,,,,,,,6
,,,,,,,,1
,,,,,,,,1
,,,,,,,,37
